ts,user_id,source_type,event_type,action,step,label,message_text,postback_data,process_ms,extra_json,date_int
"19/12/2025, 12:45:07",,,system,doPost_events,doPost,events_count,,,,"{""count"":1}",46010
"19/12/2025, 12:45:07",Ua636ab14081b483636896549d2026398,user,postback,restart_search_every_slot,router,postback_router,,action=restart_search_every_slot,,"{""action"":""restart_search_every_slot""}",46010
"19/12/2025, 12:45:08",,system,system,perf,handlePostback_,handlePostback_,,,565,"{""action"":""restart_search_every_slot""}",46010
"19/12/2025, 12:45:08",,system,system,perf,doPost,doPost,,,1362,{},46010
"19/12/2025, 12:45:15",,,system,doPost_events,doPost,events_count,,,,"{""count"":1}",46010
"19/12/2025, 12:45:15",Ua636ab14081b483636896549d2026398,user,postback,set_date_search_every_slot,router,postback_router,,action=set_date_search_every_slot,,"{""action"":""set_date_search_every_slot""}",46010
"19/12/2025, 12:45:16",,system,system,perf,handlePostback_,handlePostback_,,,605,"{""action"":""set_date_search_every_slot""}",46010
"19/12/2025, 12:45:16",,system,system,perf,doPost,doPost,,,1364,{},46010
"19/12/2025, 12:45:20",,,system,doPost_events,doPost,events_count,,,,"{""count"":1}",46010
"19/12/2025, 12:45:20",Ua636ab14081b483636896549d2026398,user,postback,pick_duration_search_every_slot,router,postback_router,,action=pick_duration_search_every_slot&date=2025-12-18&duration=60,,"{""action"":""pick_duration_search_every_slot"",""date"":""2025-12-18"",""duration"":""60""}",46010
"19/12/2025, 12:45:27",,system,system,perf,handlePostback_,handlePostback_,,,7122,"{""action"":""pick_duration_search_every_slot""}",46010
"19/12/2025, 12:45:27",,system,system,perf,doPost,doPost,,,7987,{},46010
"19/12/2025, 12:47:20",,,system,doPost_events,doPost,events_count,,,,"{""count"":1}",46010
"19/12/2025, 12:47:21",Ufa0c1c6146fa747b4182cf3ca037c939,user,message,message_ignored,general,ignored_text,เคร,,,,46010
"19/12/2025, 12:47:21",,system,system,perf,handleMessage_,handleMessage_,,,299,"{""text"":""เคร"",""ignored"":true}",46010
"19/12/2025, 12:47:21",,system,system,perf,doPost,doPost,,,1088,{},46010
"19/12/2025, 17:15:24",,,system,doPost_events,doPost,events_count,,,,"{""count"":1}",46010
"19/12/2025, 17:15:24",Ub2792da9d47050a2d6ada443a66e2282,user,message,search_time_menu_message,search_time,open_choice,ค้นหาเวลา,,,,46010
"19/12/2025, 17:15:26",,system,system,perf,handleMessage_,handleMessage_,,,1354,"{""text"":""ค้นหาเวลา""}",46010
"19/12/2025, 17:15:26",,system,system,perf,doPost,doPost,,,2945,{},46010
"19/12/2025, 17:15:38",,,system,doPost_events,doPost,events_count,,,,"{""count"":1}",46010
"19/12/2025, 17:15:38",Ub2792da9d47050a2d6ada443a66e2282,user,postback,choose_search_mode,router,postback_router,,action=choose_search_mode&mode=all,,"{""action"":""choose_search_mode"",""mode"":""all""}",46010
"19/12/2025, 17:15:38",Ub2792da9d47050a2d6ada443a66e2282,user,postback,choose_search_mode,search_time,all,,action=choose_search_mode&mode=all,,"{""action"":""choose_search_mode"",""mode"":""all""}",46010
"19/12/2025, 17:15:39",,system,system,perf,handlePostback_,handlePostback_,,,975,"{""action"":""choose_search_mode""}",46010
"19/12/2025, 17:15:40",,system,system,perf,doPost,doPost,,,2150,{},46010
"19/12/2025, 17:15:45",,,system,doPost_events,doPost,events_count,,,,"{""count"":1}",46010
"19/12/2025, 17:15:46",Ub2792da9d47050a2d6ada443a66e2282,user,postback,pick_date_search_every_slot,router,postback_router,,action=pick_date_search_every_slot&date_mode=today,,"{""action"":""pick_date_search_every_slot"",""date_mode"":""today""}",46010
"19/12/2025, 17:15:46",,system,system,perf,handlePostback_,handlePostback_,,,742,"{""action"":""pick_date_search_every_slot""}",46010
"19/12/2025, 17:15:47",,system,system,perf,doPost,doPost,,,1312,{},46010
"19/12/2025, 17:15:52",,,system,doPost_events,doPost,events_count,,,,"{""count"":1}",46010
"19/12/2025, 17:15:53",Ub2792da9d47050a2d6ada443a66e2282,user,postback,pick_duration_search_every_slot,router,postback_router,,action=pick_duration_search_every_slot&date=2025-12-19&duration=60,,"{""action"":""pick_duration_search_every_slot"",""date"":""2025-12-19"",""duration"":""60""}",46010
"19/12/2025, 17:15:59",,system,system,perf,handlePostback_,handlePostback_,,,5875,"{""action"":""pick_duration_search_every_slot""}",46010
"19/12/2025, 17:15:59",,system,system,perf,doPost,doPost,,,7222,{},46010
"20/12/2025, 15:15:06",,,system,doPost_events,doPost,events_count,,,,"{""count"":1}",46011
"20/12/2025, 15:15:06",U5d4f84131d821f14788b0299e8d470c2,user,message,search_time_menu_message,search_time,open_choice,ค้นหาเวลา,,,,46011
"20/12/2025, 15:15:07",,system,system,perf,handleMessage_,handleMessage_,,,862,"{""text"":""ค้นหาเวลา""}",46011
"20/12/2025, 15:15:08",,system,system,perf,doPost,doPost,,,2632,{},46011
"20/12/2025, 15:15:24",,,system,doPost_events,doPost,events_count,,,,"{""count"":1}",46011
"20/12/2025, 15:15:24",U5d4f84131d821f14788b0299e8d470c2,user,postback,choose_search_mode,router,postback_router,,action=choose_search_mode&mode=all,,"{""action"":""choose_search_mode"",""mode"":""all""}",46011
"20/12/2025, 15:15:24",U5d4f84131d821f14788b0299e8d470c2,user,postback,choose_search_mode,search_time,all,,action=choose_search_mode&mode=all,,"{""action"":""choose_search_mode"",""mode"":""all""}",46011
"20/12/2025, 15:15:25",,system,system,perf,handlePostback_,handlePostback_,,,866,"{""action"":""choose_search_mode""}",46011
"20/12/2025, 15:15:25",,system,system,perf,doPost,doPost,,,1499,{},46011
"20/12/2025, 15:15:34",,,system,doPost_events,doPost,events_count,,,,"{""count"":1}",46011
"20/12/2025, 15:15:34",U5d4f84131d821f14788b0299e8d470c2,user,postback,pick_date_search_every_slot,router,postback_router,,action=pick_date_search_every_slot&date_mode=today,,"{""action"":""pick_date_search_every_slot"",""date_mode"":""today""}",46011
"20/12/2025, 15:15:35",,system,system,perf,handlePostback_,handlePostback_,,,990,"{""action"":""pick_date_search_every_slot""}",46011
"20/12/2025, 15:15:36",,system,system,perf,doPost,doPost,,,1902,{},46011
"20/12/2025, 15:15:41",,,system,doPost_events,doPost,events_count,,,,"{""count"":1}",46011
"20/12/2025, 15:15:41",U5d4f84131d821f14788b0299e8d470c2,user,postback,pick_duration_search_every_slot,router,postback_router,,action=pick_duration_search_every_slot&date=2025-12-20&duration=60,,"{""action"":""pick_duration_search_every_slot"",""date"":""2025-12-20"",""duration"":""60""}",46011
"20/12/2025, 15:15:47",,system,system,perf,handlePostback_,handlePostback_,,,5976,"{""action"":""pick_duration_search_every_slot""}",46011
"20/12/2025, 15:15:48",,system,system,perf,doPost,doPost,,,6568,{},46011
"20/12/2025, 15:16:03",,,system,doPost_events,doPost,events_count,,,,"{""count"":1}",46011
"20/12/2025, 15:16:03",U5d4f84131d821f14788b0299e8d470c2,user,postback,check_time_search_every_slot,router,postback_router,,action=check_time_search_every_slot&field=2&date=2025-12-20&start=17:00&duration=60,,"{""action"":""check_time_search_every_slot"",""field"":""2"",""date"":""2025-12-20"",""start"":""17:00"",""duration"":""60""}",46011
"20/12/2025, 15:16:05",,system,system,perf,handlePostback_,handlePostback_,,,1955,"{""action"":""check_time_search_every_slot""}",46011
"20/12/2025, 15:16:06",,system,system,perf,doPost,doPost,,,2833,{},46011
"20/12/2025, 18:49:46",,,system,doPost_events,doPost,events_count,,,,"{""count"":1}",46011
"20/12/2025, 18:49:46",Ua3db3dca79a749fe978b0c6ab7d66bde,user,message,ignored_event,doPost,ignored,,,,,46011
"20/12/2025, 18:49:46",,system,system,perf,doPost,doPost,,,1309,{},46011
"20/12/2025, 19:41:58",,,system,doPost_events,doPost,events_count,,,,"{""count"":1}",46011
"20/12/2025, 19:41:58",Ua3db3dca79a749fe978b0c6ab7d66bde,user,message,message_ignored,general,ignored_text,ปีใหม่ สนามปิดวันไหนครับ,,,,46011
"20/12/2025, 19:41:59",,system,system,perf,handleMessage_,handleMessage_,,,793,"{""text"":""ปีใหม่ สนามปิดวันไหนครับ"",""ignored"":true}",46011
"20/12/2025, 19:41:59",,system,system,perf,doPost,doPost,,,2072,{},46011
"20/12/2025, 19:44:11",,,system,doPost_events,doPost,events_count,,,,"{""count"":1}",46011
"20/12/2025, 19:44:11",Ua3db3dca79a749fe978b0c6ab7d66bde,user,message,message_ignored,general,ignored_text,ถึงวันไหน,,,,46011
"20/12/2025, 19:44:12",,system,system,perf,handleMessage_,handleMessage_,,,375,"{""text"":""ถึงวันไหน"",""ignored"":true}",46011
"20/12/2025, 19:44:13",,system,system,perf,doPost,doPost,,,1317,{},46011
"20/12/2025, 19:44:56",,,system,doPost_events,doPost,events_count,,,,"{""count"":1}",46011
"20/12/2025, 19:44:56",Ua3db3dca79a749fe978b0c6ab7d66bde,user,message,message_ignored,general,ignored_text,รับทราบครับ,,,,46011
"20/12/2025, 19:44:57",,system,system,perf,handleMessage_,handleMessage_,,,209,"{""text"":""รับทราบครับ"",""ignored"":true}",46011
"20/12/2025, 19:44:57",,system,system,perf,doPost,doPost,,,752,{},46011
"20/12/2025, 19:45:41",,,system,doPost_events,doPost,events_count,,,,"{""count"":1}",46011
"20/12/2025, 19:45:42",Ua3db3dca79a749fe978b0c6ab7d66bde,user,message,message_ignored,general,ignored_text,เหมือนเดิมครับ,,,,46011
"20/12/2025, 19:45:42",,system,system,perf,handleMessage_,handleMessage_,,,368,"{""text"":""เหมือนเดิมครับ"",""ignored"":true}",46011
"20/12/2025, 19:45:43",,system,system,perf,doPost,doPost,,,1266,{},46011
"21/12/2025, 17:46:19",,,system,doPost_events,doPost,events_count,,,,"{""count"":1}",46012
"21/12/2025, 17:46:20",Ubf73dc3ced646542aba754fb6672c3af,user,follow,ignored_event,doPost,ignored,,,,,46012
"21/12/2025, 17:46:21",,system,system,perf,doPost,doPost,,,2065,{},46012
"21/12/2025, 17:46:32",,,system,doPost_events,doPost,events_count,,,,"{""count"":1}",46012
"21/12/2025, 17:46:32",Ubf73dc3ced646542aba754fb6672c3af,user,message,ignored_event,doPost,ignored,,,,,46012
"21/12/2025, 17:46:32",,system,system,perf,doPost,doPost,,,716,{},46012
"21/12/2025, 17:50:36",,,system,doPost_events,doPost,events_count,,,,"{""count"":1}",46012
"21/12/2025, 17:50:36",U06d782b7df61bfcf5f816f785d1605a8,user,follow,ignored_event,doPost,ignored,,,,,46012
"21/12/2025, 17:50:37",,system,system,perf,doPost,doPost,,,1236,{},46012
"21/12/2025, 17:50:46",,,system,doPost_events,doPost,events_count,,,,"{""count"":1}",46012
"21/12/2025, 17:50:47",U06d782b7df61bfcf5f816f785d1605a8,user,message,ignored_event,doPost,ignored,,,,,46012
"21/12/2025, 17:50:47",,system,system,perf,doPost,doPost,,,1151,{},46012
"21/12/2025, 17:50:52",,,system,doPost_events,doPost,events_count,,,,"{""count"":1}",46012
"21/12/2025, 17:50:52",U06d782b7df61bfcf5f816f785d1605a8,user,message,ignored_event,doPost,ignored,,,,,46012
"21/12/2025, 17:50:53",,system,system,perf,doPost,doPost,,,1139,{},46012
"21/12/2025, 19:39:15",,,system,doPost_events,doPost,events_count,,,,"{""count"":1}",46012
"21/12/2025, 19:39:15",Ua3db3dca79a749fe978b0c6ab7d66bde,user,message,ignored_event,doPost,ignored,,,,,46012
"21/12/2025, 19:39:16",,system,system,perf,doPost,doPost,,,1939,{},46012
"21/12/2025, 19:44:43",,,system,doPost_events,doPost,events_count,,,,"{""count"":1}",46012
"21/12/2025, 19:44:44",U63c2ce48eab92eec8f30a6409c3713bc,user,follow,ignored_event,doPost,ignored,,,,,46012
"21/12/2025, 19:44:44",,system,system,perf,doPost,doPost,,,967,{},46012
"21/12/2025, 23:00:18",,,system,doPost_events,doPost,events_count,,,,"{""count"":1}",46012
"21/12/2025, 23:00:18",Ua636ab14081b483636896549d2026398,user,message,search_time_menu_message,search_time,open_choice,ค้นหาเวลา,,,,46012
"21/12/2025, 23:00:19",,system,system,perf,handleMessage_,handleMessage_,,,884,"{""text"":""ค้นหาเวลา""}",46012
"21/12/2025, 23:00:19",,system,system,perf,doPost,doPost,,,1599,{},46012
"21/12/2025, 23:00:32",,,system,doPost_events,doPost,events_count,,,,"{""count"":1}",46012
"21/12/2025, 23:00:33",Ua636ab14081b483636896549d2026398,user,postback,choose_search_mode,router,postback_router,,action=choose_search_mode&mode=all,,"{""action"":""choose_search_mode"",""mode"":""all""}",46012
"21/12/2025, 23:00:33",Ua636ab14081b483636896549d2026398,user,postback,choose_search_mode,search_time,all,,action=choose_search_mode&mode=all,,"{""action"":""choose_search_mode"",""mode"":""all""}",46012
"21/12/2025, 23:00:34",,system,system,perf,handlePostback_,handlePostback_,,,957,"{""action"":""choose_search_mode""}",46012
"21/12/2025, 23:00:34",,system,system,perf,doPost,doPost,,,1467,{},46012
"21/12/2025, 23:00:37",,,system,doPost_events,doPost,events_count,,,,"{""count"":1}",46012
"21/12/2025, 23:00:38",Ua636ab14081b483636896549d2026398,user,postback,pick_date_search_every_slot,router,postback_router,,action=pick_date_search_every_slot&date_mode=today,,"{""action"":""pick_date_search_every_slot"",""date_mode"":""today""}",46012
"21/12/2025, 23:00:38",,system,system,perf,handlePostback_,handlePostback_,,,568,"{""action"":""pick_date_search_every_slot""}",46012
"21/12/2025, 23:00:39",,system,system,perf,doPost,doPost,,,1156,{},46012
"21/12/2025, 23:00:42",,,system,doPost_events,doPost,events_count,,,,"{""count"":1}",46012
"21/12/2025, 23:00:42",Ua636ab14081b483636896549d2026398,user,postback,pick_duration_search_every_slot,router,postback_router,,action=pick_duration_search_every_slot&date=2025-12-21&duration=60,,"{""action"":""pick_duration_search_every_slot"",""date"":""2025-12-21"",""duration"":""60""}",46012
"21/12/2025, 23:00:48",,system,system,perf,handlePostback_,handlePostback_,,,5860,"{""action"":""pick_duration_search_every_slot""}",46012
"21/12/2025, 23:00:49",,system,system,perf,doPost,doPost,,,6646,{},46012
"22/12/2025, 16:59:08",,,system,doPost_events,doPost,events_count,,,,"{""count"":1}",46013
"22/12/2025, 16:59:09",U63c2ce48eab92eec8f30a6409c3713bc,user,message,search_time_menu_message,search_time,open_choice,ค้นหาเวลา,,,,46013
"22/12/2025, 16:59:10",,system,system,perf,handleMessage_,handleMessage_,,,1398,"{""text"":""ค้นหาเวลา""}",46013
"22/12/2025, 16:59:11",,system,system,perf,doPost,doPost,,,2817,{},46013
"22/12/2025, 20:09:30",,,system,doPost_events,doPost,events_count,,,,"{""count"":1}",46013
"22/12/2025, 20:09:31",U0f9499c6c4f414cd9318a62e658e9616,user,follow,ignored_event,doPost,ignored,,,,,46013
"22/12/2025, 20:09:31",,system,system,perf,doPost,doPost,,,1377,{},46013
"22/12/2025, 20:50:59",,,system,doPost_events,doPost,events_count,,,,"{""count"":1}",46013
"22/12/2025, 20:50:59",Ua636ab14081b483636896549d2026398,user,message,search_time_menu_message,search_time,open_choice,ค้นหาเวลา,,,,46013
"22/12/2025, 20:51:00",,system,system,perf,handleMessage_,handleMessage_,,,974,"{""text"":""ค้นหาเวลา""}",46013
"22/12/2025, 20:51:01",,system,system,perf,doPost,doPost,,,2834,{},46013
"23/12/2025, 7:10:33",,,system,doPost_events,doPost,events_count,,,,"{""count"":1}",46014
"23/12/2025, 7:10:34",U16f7224761d3a6788a8d4e3a987a26f6,user,message,message_ignored,general,ignored_text,ไปคับ,,,,46014
"23/12/2025, 7:10:35",,system,system,perf,handleMessage_,handleMessage_,,,1089,"{""text"":""ไปคับ"",""ignored"":true}",46014
"23/12/2025, 7:10:35",,system,system,perf,doPost,doPost,,,2903,{},46014
"24/12/2025, 7:12:35",,,system,doPost_events,doPost,events_count,,,,"{""count"":1}",46015
"24/12/2025, 7:12:35",U16f7224761d3a6788a8d4e3a987a26f6,user,message,message_ignored,general,ignored_text,ไปคับ,,,,46015
"24/12/2025, 7:12:37",,system,system,perf,handleMessage_,handleMessage_,,,992,"{""text"":""ไปคับ"",""ignored"":true}",46015
"24/12/2025, 7:12:38",,system,system,perf,doPost,doPost,,,3441,{},46015
"24/12/2025, 9:46:48",,,system,doPost_events,doPost,events_count,,,,"{""count"":1}",46015
"24/12/2025, 9:46:49",Ua636ab14081b483636896549d2026398,user,postback,choose_search_mode,router,postback_router,,action=choose_search_mode&mode=single,,"{""action"":""choose_search_mode"",""mode"":""single""}",46015
"24/12/2025, 9:46:50",Ua636ab14081b483636896549d2026398,user,postback,choose_search_mode,search_time,single,,action=choose_search_mode&mode=single,,"{""action"":""choose_search_mode"",""mode"":""single""}",46015
"24/12/2025, 9:46:51",,system,system,perf,handlePostback_,handlePostback_,,,2087,"{""action"":""choose_search_mode""}",46015
"24/12/2025, 9:46:51",,system,system,perf,doPost,doPost,,,2787,{},46015
"24/12/2025, 9:46:54",,,system,doPost_events,doPost,events_count,,,,"{""count"":1}",46015
"24/12/2025, 9:46:54",Ua636ab14081b483636896549d2026398,user,postback,selectDate,router,postback_router,,action=selectDate&mode=today,,"{""action"":""selectDate"",""mode"":""today""}",46015
"24/12/2025, 9:46:54",Ua636ab14081b483636896549d2026398,user,postback,booking_select_date,booking,select_date,,action=selectDate&mode=today,,"{""date"":""2025-12-24"",""mode"":""today""}",46015
"24/12/2025, 9:46:58",,system,system,perf,handleSelectDate_,handleSelectDate_,,,3540,"{""success"":true,""date"":""2025-12-24""}",46015
"24/12/2025, 9:46:58",,system,system,perf,handlePostback_,handlePostback_,,,4274,"{""action"":""selectDate""}",46015
"24/12/2025, 9:46:59",,system,system,perf,doPost,doPost,,,5001,{},46015
"24/12/2025, 9:47:05",,,system,doPost_events,doPost,events_count,,,,"{""count"":1}",46015
"24/12/2025, 9:47:06",Ua636ab14081b483636896549d2026398,user,postback,selectTime,router,postback_router,,action=selectTime&time_from=18:00,,"{""action"":""selectTime"",""time_from"":""18:00""}",46015
"24/12/2025, 9:47:06",Ua636ab14081b483636896549d2026398,user,postback,booking_select_time,booking,select_time,,action=selectTime&time_from=18:00,,"{""time_from"":""18:00""}",46015
"24/12/2025, 9:47:09",,system,system,perf,handleSelectTime_,handleSelectTime_,,,2529,"{""success"":true,""time_from"":""18:00""}",46015
"24/12/2025, 9:47:09",,system,system,perf,handlePostback_,handlePostback_,,,3107,"{""action"":""selectTime""}",46015
"24/12/2025, 9:47:09",,system,system,perf,doPost,doPost,,,3813,{},46015
"24/12/2025, 9:47:13",,,system,doPost_events,doPost,events_count,,,,"{""count"":1}",46015
"24/12/2025, 9:47:13",Ua636ab14081b483636896549d2026398,user,postback,selectDuration,router,postback_router,,action=selectDuration&duration_h=1,,"{""action"":""selectDuration"",""duration_h"":""1""}",46015
"24/12/2025, 9:47:13",Ua636ab14081b483636896549d2026398,user,postback,booking_select_duration,booking,select_duration,,action=selectDuration&duration_h=1,,"{""duration_h"":""1""}",46015
"24/12/2025, 9:47:15",,system,system,perf,handleSelectDuration_,handleSelectDuration_,,,2268,"{""success"":true,""duration_h"":""1""}",46015
"24/12/2025, 9:47:16",,system,system,perf,handlePostback_,handlePostback_,,,2777,"{""action"":""selectDuration""}",46015
"24/12/2025, 9:47:16",,system,system,perf,doPost,doPost,,,3372,{},46015
"24/12/2025, 9:47:21",,,system,doPost_events,doPost,events_count,,,,"{""count"":1}",46015
"24/12/2025, 9:47:21",Ua636ab14081b483636896549d2026398,user,postback,selectField,router,postback_router,,action=selectField&field_no=3,,"{""action"":""selectField"",""field_no"":""3""}",46015
"24/12/2025, 9:47:21",Ua636ab14081b483636896549d2026398,user,postback,booking_select_field,booking,select_field,,action=selectField&field_no=3,,"{""field_no"":""3""}",46015
"24/12/2025, 9:47:25",Ua636ab14081b483636896549d2026398,user,system,booking_result_unavailable,booking,unavailable,,,,"{""date"":""2025-12-24"",""field_no"":""3"",""requested"":""18:00 - 19:00"",""alt_count"":1}",46015
"24/12/2025, 9:47:25",,system,system,perf,handleSelectField_,handleSelectField_,,,3764,"{""success"":true}",46015
"24/12/2025, 9:47:26",,system,system,perf,handlePostback_,handlePostback_,,,4333,"{""action"":""selectField""}",46015
"24/12/2025, 9:47:27",,system,system,perf,doPost,doPost,,,5252,{},46015
"24/12/2025, 9:48:55",,,system,doPost_events,doPost,events_count,,,,"{""count"":1}",46015
"24/12/2025, 9:48:56",Ua636ab14081b483636896549d2026398,user,message,booking_change_time,booking,change_time,เลือกเวลาใหม่,,,,46015
"24/12/2025, 9:48:57",,system,system,perf,handleMessage_,handleMessage_,,,1708,"{""text"":""เลือกเวลาใหม่""}",46015
"24/12/2025, 9:48:58",,system,system,perf,doPost,doPost,,,2605,{},46015
"24/12/2025, 10:04:14",,,system,doPost_events,doPost,events_count,,,,"{""count"":1}",46015
"24/12/2025, 10:04:14",Ua636ab14081b483636896549d2026398,user,postback,selectTime,router,postback_router,,action=selectTime&time_from=16:00,,"{""action"":""selectTime"",""time_from"":""16:00""}",46015
"24/12/2025, 10:04:14",Ua636ab14081b483636896549d2026398,user,postback,booking_select_time,booking,select_time,,action=selectTime&time_from=16:00,,"{""time_from"":""16:00""}",46015
"24/12/2025, 10:04:18",,system,system,perf,handleSelectTime_,handleSelectTime_,,,3358,"{""success"":true,""time_from"":""16:00""}",46015
"24/12/2025, 10:04:18",,system,system,perf,handlePostback_,handlePostback_,,,4051,"{""action"":""selectTime""}",46015
"24/12/2025, 10:04:18",,system,system,perf,doPost,doPost,,,4867,{},46015
"24/12/2025, 10:04:22",,,system,doPost_events,doPost,events_count,,,,"{""count"":1}",46015
"24/12/2025, 10:04:22",Ua636ab14081b483636896549d2026398,user,postback,selectDuration,router,postback_router,,action=selectDuration&duration_h=1,,"{""action"":""selectDuration"",""duration_h"":""1""}",46015
"24/12/2025, 10:04:22",Ua636ab14081b483636896549d2026398,user,postback,booking_select_duration,booking,select_duration,,action=selectDuration&duration_h=1,,"{""duration_h"":""1""}",46015
"24/12/2025, 10:04:25",,system,system,perf,handleSelectDuration_,handleSelectDuration_,,,2583,"{""success"":true,""duration_h"":""1""}",46015
"24/12/2025, 10:04:25",,system,system,perf,handlePostback_,handlePostback_,,,3066,"{""action"":""selectDuration""}",46015
"24/12/2025, 10:04:25",,system,system,perf,doPost,doPost,,,3757,{},46015
"24/12/2025, 10:04:29",,,system,doPost_events,doPost,events_count,,,,"{""count"":1}",46015
"24/12/2025, 10:04:29",Ua636ab14081b483636896549d2026398,user,postback,selectField,router,postback_router,,action=selectField&field_no=1,,"{""action"":""selectField"",""field_no"":""1""}",46015
"24/12/2025, 10:04:30",Ua636ab14081b483636896549d2026398,user,postback,booking_select_field,booking,select_field,,action=selectField&field_no=1,,"{""field_no"":""1""}",46015
"24/12/2025, 10:04:34",Ua636ab14081b483636896549d2026398,user,system,booking_result_available,booking,available,,,,"{""date"":""2025-12-24"",""field_no"":""1"",""time_from"":""16:00"",""time_to"":""17:00"",""duration_h"":1}",46015
"24/12/2025, 10:04:34",,system,system,perf,handleSelectField_,handleSelectField_,,,4599,"{""success"":true}",46015
"24/12/2025, 10:04:35",,system,system,perf,handlePostback_,handlePostback_,,,5236,"{""action"":""selectField""}",46015
"24/12/2025, 10:04:35",,system,system,perf,doPost,doPost,,,7291,{},46015
"26/12/2025, 13:12:51",,,system,doPost_events,doPost,events_count,,,,"{""count"":1}",46017
"26/12/2025, 13:12:51",U6bda8aa494d725605f6bf01dfc7b09cd,user,message,ignored_event,doPost,ignored,,,,,46017
"26/12/2025, 13:12:52",,system,system,perf,doPost,doPost,,,1996,{},46017
"26/12/2025, 13:19:39",,,system,doPost_events,doPost,events_count,,,,"{""count"":1}",46017
"26/12/2025, 13:19:40",Ufa0c1c6146fa747b4182cf3ca037c939,user,message,ignored_event,doPost,ignored,,,,,46017
"26/12/2025, 13:19:41",,system,system,perf,doPost,doPost,,,1249,{},46017
"26/12/2025, 13:19:46",,,system,doPost_events,doPost,events_count,,,,"{""count"":1}",46017
"26/12/2025, 13:19:47",Ufa0c1c6146fa747b4182cf3ca037c939,user,message,message_ignored,general,ignored_text,ไปจ้า,,,,46017
"26/12/2025, 13:19:47",,system,system,perf,handleMessage_,handleMessage_,,,382,"{""text"":""ไปจ้า"",""ignored"":true}",46017
"26/12/2025, 13:19:47",,system,system,perf,doPost,doPost,,,1174,{},46017
"26/12/2025, 13:24:40",,,system,doPost_events,doPost,events_count,,,,"{""count"":1}",46017
"26/12/2025, 13:24:40",Ufa0c1c6146fa747b4182cf3ca037c939,user,message,message_ignored,general,ignored_text,เคร,,,,46017
"26/12/2025, 13:24:41",,system,system,perf,handleMessage_,handleMessage_,,,282,"{""text"":""เคร"",""ignored"":true}",46017
"26/12/2025, 13:24:41",,system,system,perf,doPost,doPost,,,1134,{},46017
"27/12/2025, 18:36:24",,,system,doPost_events,doPost,events_count,,,,"{""count"":1}",46018
"27/12/2025, 18:36:25",Ua3db3dca79a749fe978b0c6ab7d66bde,user,message,ignored_event,doPost,ignored,,,,,46018
"27/12/2025, 18:36:26",,system,system,perf,doPost,doPost,,,2373,{},46018
"27/12/2025, 22:12:00",,,system,doPost_events,doPost,events_count,,,,"{""count"":1}",46018
"27/12/2025, 22:12:01",Ua636ab14081b483636896549d2026398,user,message,search_time_menu_message,search_time,open_choice,ค้นหาเวลา,,,,46018
"27/12/2025, 22:12:02",,system,system,perf,handleMessage_,handleMessage_,,,1347,"{""text"":""ค้นหาเวลา""}",46018
"27/12/2025, 22:12:02",,system,system,perf,doPost,doPost,,,2730,{},46018
"27/12/2025, 22:12:05",,,system,doPost_events,doPost,events_count,,,,"{""count"":1}",46018
"27/12/2025, 22:12:06",Ua636ab14081b483636896549d2026398,user,postback,choose_search_mode,router,postback_router,,action=choose_search_mode&mode=all,,"{""action"":""choose_search_mode"",""mode"":""all""}",46018
"27/12/2025, 22:12:06",Ua636ab14081b483636896549d2026398,user,postback,choose_search_mode,search_time,all,,action=choose_search_mode&mode=all,,"{""action"":""choose_search_mode"",""mode"":""all""}",46018
"27/12/2025, 22:12:08",,system,system,perf,handlePostback_,handlePostback_,,,1178,"{""action"":""choose_search_mode""}",46018
"27/12/2025, 22:12:09",,system,system,perf,doPost,doPost,,,3257,{},46018
"27/12/2025, 22:12:12",,,system,doPost_events,doPost,events_count,,,,"{""count"":1}",46018
"27/12/2025, 22:12:13",Ua636ab14081b483636896549d2026398,user,postback,pick_date_search_every_slot,router,postback_router,,action=pick_date_search_every_slot&date_mode=today,,"{""action"":""pick_date_search_every_slot"",""date_mode"":""today""}",46018
"27/12/2025, 22:12:13",,system,system,perf,handlePostback_,handlePostback_,,,605,"{""action"":""pick_date_search_every_slot""}",46018
"27/12/2025, 22:12:14",,system,system,perf,doPost,doPost,,,1633,{},46018
"27/12/2025, 22:12:17",,,system,doPost_events,doPost,events_count,,,,"{""count"":1}",46018
"27/12/2025, 22:12:18",Ua636ab14081b483636896549d2026398,user,postback,pick_duration_search_every_slot,router,postback_router,,action=pick_duration_search_every_slot&date=2025-12-27&duration=60,,"{""action"":""pick_duration_search_every_slot"",""date"":""2025-12-27"",""duration"":""60""}",46018
"27/12/2025, 22:12:25",,system,system,perf,handlePostback_,handlePostback_,,,7413,"{""action"":""pick_duration_search_every_slot""}",46018
"27/12/2025, 22:12:26",,system,system,perf,doPost,doPost,,,8643,{},46018
"28/12/2025, 20:03:35",,,system,doPost_events,doPost,events_count,,,,"{""count"":1}",46019
"28/12/2025, 20:03:36",Ua3db3dca79a749fe978b0c6ab7d66bde,user,message,ignored_event,doPost,ignored,,,,,46019
"28/12/2025, 20:03:37",,system,system,perf,doPost,doPost,,,2404,{},46019
"29/12/2025, 12:49:03",,,system,doPost_events,doPost,events_count,,,,"{""count"":1}",46020
"29/12/2025, 12:49:03",Ufa0c1c6146fa747b4182cf3ca037c939,user,message,message_ignored,general,ignored_text,เคร,,,,46020
"29/12/2025, 12:49:04",,system,system,perf,handleMessage_,handleMessage_,,,890,"{""text"":""เคร"",""ignored"":true}",46020
"29/12/2025, 12:49:04",,system,system,perf,doPost,doPost,,,1925,{},46020
"29/12/2025, 13:45:55",,,system,doPost_events,doPost,events_count,,,,"{""count"":1}",46020
"29/12/2025, 13:45:55",U6bda8aa494d725605f6bf01dfc7b09cd,user,message,search_time_menu_message,search_time,open_choice,ค้นหาเวลา,,,,46020
"29/12/2025, 13:45:57",,system,system,perf,handleMessage_,handleMessage_,,,1039,"{""text"":""ค้นหาเวลา""}",46020
"29/12/2025, 13:45:57",,system,system,perf,doPost,doPost,,,2028,{},46020
"29/12/2025, 13:46:08",,,system,doPost_events,doPost,events_count,,,,"{""count"":1}",46020
"29/12/2025, 13:46:09",U6bda8aa494d725605f6bf01dfc7b09cd,user,postback,choose_search_mode,router,postback_router,,action=choose_search_mode&mode=all,,"{""action"":""choose_search_mode"",""mode"":""all""}",46020
"29/12/2025, 13:46:09",U6bda8aa494d725605f6bf01dfc7b09cd,user,postback,choose_search_mode,search_time,all,,action=choose_search_mode&mode=all,,"{""action"":""choose_search_mode"",""mode"":""all""}",46020
"29/12/2025, 13:46:10",,system,system,perf,handlePostback_,handlePostback_,,,1270,"{""action"":""choose_search_mode""}",46020
"29/12/2025, 13:46:10",,system,system,perf,doPost,doPost,,,2079,{},46020
"29/12/2025, 13:46:19",,,system,doPost_events,doPost,events_count,,,,"{""count"":1}",46020
"29/12/2025, 13:46:20",U6bda8aa494d725605f6bf01dfc7b09cd,user,postback,pick_date_search_every_slot,router,postback_router,,action=pick_date_search_every_slot&date_mode=today,,"{""action"":""pick_date_search_every_slot"",""date_mode"":""today""}",46020
"29/12/2025, 13:46:21",,system,system,perf,handlePostback_,handlePostback_,,,1173,"{""action"":""pick_date_search_every_slot""}",46020
"29/12/2025, 13:46:21",,system,system,perf,doPost,doPost,,,2028,{},46020
"29/12/2025, 13:46:27",,,system,doPost_events,doPost,events_count,,,,"{""count"":1}",46020
"29/12/2025, 13:46:27",U6bda8aa494d725605f6bf01dfc7b09cd,user,postback,pick_duration_search_every_slot,router,postback_router,,action=pick_duration_search_every_slot&date=2025-12-29&duration=60,,"{""action"":""pick_duration_search_every_slot"",""date"":""2025-12-29"",""duration"":""60""}",46020
"29/12/2025, 13:46:34",,system,system,perf,handlePostback_,handlePostback_,,,6870,"{""action"":""pick_duration_search_every_slot""}",46020
"29/12/2025, 13:46:34",,system,system,perf,doPost,doPost,,,7394,{},46020
"29/12/2025, 13:47:54",,,system,doPost_events,doPost,events_count,,,,"{""count"":1}",46020
"29/12/2025, 13:47:55",U6bda8aa494d725605f6bf01dfc7b09cd,user,postback,check_time_search_every_slot,router,postback_router,,action=check_time_search_every_slot&field=3&date=2025-12-29&start=20:00&duration=60,,"{""action"":""check_time_search_every_slot"",""field"":""3"",""date"":""2025-12-29"",""start"":""20:00"",""duration"":""60""}",46020
"29/12/2025, 13:47:56",,system,system,perf,handlePostback_,handlePostback_,,,1591,"{""action"":""check_time_search_every_slot""}",46020
"29/12/2025, 13:47:57",,system,system,perf,doPost,doPost,,,2217,{},46020
"29/12/2025, 13:51:28",,,system,doPost_events,doPost,events_count,,,,"{""count"":1}",46020
"29/12/2025, 13:51:29",U6bda8aa494d725605f6bf01dfc7b09cd,user,postback,restart_search_every_slot,router,postback_router,,action=restart_search_every_slot,,"{""action"":""restart_search_every_slot""}",46020
"29/12/2025, 13:51:29",,system,system,perf,handlePostback_,handlePostback_,,,754,"{""action"":""restart_search_every_slot""}",46020
"29/12/2025, 13:51:30",,system,system,perf,doPost,doPost,,,2155,{},46020
"29/12/2025, 13:51:34",,,system,doPost_events,doPost,events_count,,,,"{""count"":1}",46020
"29/12/2025, 13:51:34",U6bda8aa494d725605f6bf01dfc7b09cd,user,postback,pick_date_search_every_slot,router,postback_router,,action=pick_date_search_every_slot&date_mode=tomorrow,,"{""action"":""pick_date_search_every_slot"",""date_mode"":""tomorrow""}",46020
"29/12/2025, 13:51:35",,system,system,perf,handlePostback_,handlePostback_,,,732,"{""action"":""pick_date_search_every_slot""}",46020
"29/12/2025, 13:51:35",,system,system,perf,doPost,doPost,,,1488,{},46020
"29/12/2025, 13:51:38",,,system,doPost_events,doPost,events_count,,,,"{""count"":1}",46020
"29/12/2025, 13:51:38",U6bda8aa494d725605f6bf01dfc7b09cd,user,postback,pick_duration_search_every_slot,router,postback_router,,action=pick_duration_search_every_slot&date=2025-12-30&duration=120,,"{""action"":""pick_duration_search_every_slot"",""date"":""2025-12-30"",""duration"":""120""}",46020
"29/12/2025, 13:51:45",,system,system,perf,handlePostback_,handlePostback_,,,6202,"{""action"":""pick_duration_search_every_slot""}",46020
"29/12/2025, 13:51:45",,system,system,perf,doPost,doPost,,,6678,{},46020
"30/12/2025, 9:00:10",,,system,doPost_events,doPost,events_count,,,,"{""count"":1}",46021
"30/12/2025, 9:00:11",U16f7224761d3a6788a8d4e3a987a26f6,user,message,message_ignored,general,ignored_text,ไปคับ,,,,46021
"30/12/2025, 9:00:12",,system,system,perf,handleMessage_,handleMessage_,,,1032,"{""text"":""ไปคับ"",""ignored"":true}",46021
"30/12/2025, 9:00:13",,system,system,perf,doPost,doPost,,,2727,{},46021
"30/12/2025, 12:04:50",,,system,doPost_events,doPost,events_count,,,,"{""count"":1}",46021
"30/12/2025, 12:04:50",U6bda8aa494d725605f6bf01dfc7b09cd,user,message,ignored_event,doPost,ignored,,,,,46021
"30/12/2025, 12:04:51",,system,system,perf,doPost,doPost,,,1445,{},46021
"30/12/2025, 12:52:23",,,system,doPost_events,doPost,events_count,,,,"{""count"":1}",46021
"30/12/2025, 12:52:23",Ufa0c1c6146fa747b4182cf3ca037c939,user,message,message_ignored,general,ignored_text,เคร,,,,46021
"30/12/2025, 12:52:24",,system,system,perf,handleMessage_,handleMessage_,,,876,"{""text"":""เคร"",""ignored"":true}",46021
"30/12/2025, 12:52:25",,system,system,perf,doPost,doPost,,,2152,{},46021
"3/1/2026, 11:47:38",,,system,doPost_events,doPost,events_count,,,,"{""count"":1}",46025
"3/1/2026, 11:47:38",U5d4f84131d821f14788b0299e8d470c2,user,message,search_time_menu_message,search_time,open_choice,ค้นหาเวลา,,,,46025
"3/1/2026, 11:47:40",,system,system,perf,handleMessage_,handleMessage_,,,969,"{""text"":""ค้นหาเวลา""}",46025
"3/1/2026, 11:47:40",,system,system,perf,doPost,doPost,,,2568,{},46025
"3/1/2026, 11:47:47",,,system,doPost_events,doPost,events_count,,,,"{""count"":1}",46025
"3/1/2026, 11:47:48",U5d4f84131d821f14788b0299e8d470c2,user,postback,choose_search_mode,router,postback_router,,action=choose_search_mode&mode=all,,"{""action"":""choose_search_mode"",""mode"":""all""}",46025
"3/1/2026, 11:47:48",U5d4f84131d821f14788b0299e8d470c2,user,postback,choose_search_mode,search_time,all,,action=choose_search_mode&mode=all,,"{""action"":""choose_search_mode"",""mode"":""all""}",46025
"3/1/2026, 11:47:49",,system,system,perf,handlePostback_,handlePostback_,,,931,"{""action"":""choose_search_mode""}",46025
"3/1/2026, 11:47:49",,system,system,perf,doPost,doPost,,,2086,{},46025
"3/1/2026, 11:48:00",,,system,doPost_events,doPost,events_count,,,,"{""count"":1}",46025
"3/1/2026, 11:48:01",U5d4f84131d821f14788b0299e8d470c2,user,postback,pick_date_search_every_slot,router,postback_router,,action=pick_date_search_every_slot&date_mode=today,,"{""action"":""pick_date_search_every_slot"",""date_mode"":""today""}",46025
"3/1/2026, 11:48:01",,system,system,perf,handlePostback_,handlePostback_,,,680,"{""action"":""pick_date_search_every_slot""}",46025
"3/1/2026, 11:48:02",,system,system,perf,doPost,doPost,,,1526,{},46025
"3/1/2026, 11:48:06",,,system,doPost_events,doPost,events_count,,,,"{""count"":1}",46025
"3/1/2026, 11:48:07",U5d4f84131d821f14788b0299e8d470c2,user,postback,pick_duration_search_every_slot,router,postback_router,,action=pick_duration_search_every_slot&date=2026-01-03&duration=60,,"{""action"":""pick_duration_search_every_slot"",""date"":""2026-01-03"",""duration"":""60""}",46025
"3/1/2026, 11:48:14",,system,system,perf,handlePostback_,handlePostback_,,,7040,"{""action"":""pick_duration_search_every_slot""}",46025
"3/1/2026, 11:48:14",,system,system,perf,doPost,doPost,,,7737,{},46025
"3/1/2026, 13:00:06",,,system,doPost_events,doPost,events_count,,,,"{""count"":1}",46025
"3/1/2026, 13:00:06",Ua636ab14081b483636896549d2026398,user,message,search_time_menu_message,search_time,open_choice,ค้นหาเวลา,,,,46025
"3/1/2026, 13:00:06",,system,system,perf,handleMessage_,handleMessage_,,,605,"{""text"":""ค้นหาเวลา""}",46025
"3/1/2026, 13:00:07",,system,system,perf,doPost,doPost,,,1196,{},46025
"3/1/2026, 13:00:11",,,system,doPost_events,doPost,events_count,,,,"{""count"":1}",46025
"3/1/2026, 13:00:11",Ua636ab14081b483636896549d2026398,user,postback,choose_search_mode,router,postback_router,,action=choose_search_mode&mode=all,,"{""action"":""choose_search_mode"",""mode"":""all""}",46025
"3/1/2026, 13:00:11",Ua636ab14081b483636896549d2026398,user,postback,choose_search_mode,search_time,all,,action=choose_search_mode&mode=all,,"{""action"":""choose_search_mode"",""mode"":""all""}",46025
"3/1/2026, 13:00:12",,system,system,perf,handlePostback_,handlePostback_,,,874,"{""action"":""choose_search_mode""}",46025
"3/1/2026, 13:00:12",,system,system,perf,doPost,doPost,,,1461,{},46025
"3/1/2026, 13:00:16",,,system,doPost_events,doPost,events_count,,,,"{""count"":1}",46025
"3/1/2026, 13:00:16",Ua636ab14081b483636896549d2026398,user,postback,pick_date_search_every_slot,router,postback_router,,action=pick_date_search_every_slot&date_mode=today,,"{""action"":""pick_date_search_every_slot"",""date_mode"":""today""}",46025
"3/1/2026, 13:00:17",,system,system,perf,handlePostback_,handlePostback_,,,858,"{""action"":""pick_date_search_every_slot""}",46025
"3/1/2026, 13:00:18",,system,system,perf,doPost,doPost,,,1845,{},46025
"3/1/2026, 13:00:23",,,system,doPost_events,doPost,events_count,,,,"{""count"":1}",46025
"3/1/2026, 13:00:23",Ua636ab14081b483636896549d2026398,user,postback,pick_duration_search_every_slot,router,postback_router,,action=pick_duration_search_every_slot&date=2026-01-03&duration=60,,"{""action"":""pick_duration_search_every_slot"",""date"":""2026-01-03"",""duration"":""60""}",46025
"3/1/2026, 13:00:30",,system,system,perf,handlePostback_,handlePostback_,,,6848,"{""action"":""pick_duration_search_every_slot""}",46025
"3/1/2026, 13:00:31",,system,system,perf,doPost,doPost,,,7851,{},46025
"3/1/2026, 13:00:40",,,system,doPost_events,doPost,events_count,,,,"{""count"":1}",46025
"3/1/2026, 13:00:44",Ua636ab14081b483636896549d2026398,user,postback,check_time_search_every_slot,router,postback_router,,action=check_time_search_every_slot&field=1&date=2026-01-03&start=16:00&duration=60,,"{""action"":""check_time_search_every_slot"",""field"":""1"",""date"":""2026-01-03"",""start"":""16:00"",""duration"":""60""}",46025
"3/1/2026, 13:00:46",,system,system,perf,handlePostback_,handlePostback_,,,5778,"{""action"":""check_time_search_every_slot""}",46025
"3/1/2026, 13:00:47",,system,system,perf,doPost,doPost,,,6581,{},46025
"3/1/2026, 13:01:17",,,system,doPost_events,doPost,events_count,,,,"{""count"":1}",46025
"3/1/2026, 13:01:18",Ua636ab14081b483636896549d2026398,user,postback,restart_search_every_slot,router,postback_router,,action=restart_search_every_slot,,"{""action"":""restart_search_every_slot""}",46025
"3/1/2026, 13:01:19",,system,system,perf,handlePostback_,handlePostback_,,,758,"{""action"":""restart_search_every_slot""}",46025
"3/1/2026, 13:01:19",,system,system,perf,doPost,doPost,,,1730,{},46025
"3/1/2026, 13:01:26",,,system,doPost_events,doPost,events_count,,,,"{""count"":1}",46025
"3/1/2026, 13:01:26",Ua636ab14081b483636896549d2026398,user,postback,set_date_search_every_slot,router,postback_router,,action=set_date_search_every_slot,,"{""action"":""set_date_search_every_slot""}",46025
"3/1/2026, 13:01:26",,system,system,perf,handlePostback_,handlePostback_,,,505,"{""action"":""set_date_search_every_slot""}",46025
"3/1/2026, 13:01:27",,system,system,perf,doPost,doPost,,,1037,{},46025
"3/1/2026, 13:01:31",,,system,doPost_events,doPost,events_count,,,,"{""count"":1}",46025
"3/1/2026, 13:01:32",Ua636ab14081b483636896549d2026398,user,postback,pick_duration_search_every_slot,router,postback_router,,action=pick_duration_search_every_slot&date=2026-01-06&duration=60,,"{""action"":""pick_duration_search_every_slot"",""date"":""2026-01-06"",""duration"":""60""}",46025
"3/1/2026, 13:01:39",,system,system,perf,handlePostback_,handlePostback_,,,7537,"{""action"":""pick_duration_search_every_slot""}",46025
"3/1/2026, 13:01:40",,system,system,perf,doPost,doPost,,,8457,{},46025
"3/1/2026, 13:02:14",,,system,doPost_events,doPost,events_count,,,,"{""count"":1}",46025
"3/1/2026, 13:02:14",Ua636ab14081b483636896549d2026398,user,postback,restart_search_every_slot,router,postback_router,,action=restart_search_every_slot,,"{""action"":""restart_search_every_slot""}",46025
"3/1/2026, 13:02:15",,system,system,perf,handlePostback_,handlePostback_,,,678,"{""action"":""restart_search_every_slot""}",46025
"3/1/2026, 13:02:15",,system,system,perf,doPost,doPost,,,1578,{},46025
"3/1/2026, 13:02:20",,,system,doPost_events,doPost,events_count,,,,"{""count"":1}",46025
"3/1/2026, 13:02:20",Ua636ab14081b483636896549d2026398,user,postback,pick_date_search_every_slot,router,postback_router,,action=pick_date_search_every_slot&date_mode=tomorrow,,"{""action"":""pick_date_search_every_slot"",""date_mode"":""tomorrow""}",46025
"3/1/2026, 13:02:21",,system,system,perf,handlePostback_,handlePostback_,,,892,"{""action"":""pick_date_search_every_slot""}",46025
"3/1/2026, 13:02:21",,system,system,perf,doPost,doPost,,,1692,{},46025
"3/1/2026, 13:02:24",,,system,doPost_events,doPost,events_count,,,,"{""count"":1}",46025
"3/1/2026, 13:02:25",Ua636ab14081b483636896549d2026398,user,postback,pick_duration_search_every_slot,router,postback_router,,action=pick_duration_search_every_slot&date=2026-01-04&duration=60,,"{""action"":""pick_duration_search_every_slot"",""date"":""2026-01-04"",""duration"":""60""}",46025
"3/1/2026, 13:02:31",,system,system,perf,handlePostback_,handlePostback_,,,5228,"{""action"":""pick_duration_search_every_slot""}",46025
"3/1/2026, 13:02:31",,system,system,perf,doPost,doPost,,,6789,{},46025
"3/1/2026, 13:02:58",,,system,doPost_events,doPost,events_count,,,,"{""count"":1}",46025
"3/1/2026, 13:02:58",Ua636ab14081b483636896549d2026398,user,message,search_time_menu_message,search_time,open_choice,ค้นหาเวลา,,,,46025
"3/1/2026, 13:02:59",,system,system,perf,handleMessage_,handleMessage_,,,901,"{""text"":""ค้นหาเวลา""}",46025
"3/1/2026, 13:03:00",,system,system,perf,doPost,doPost,,,1561,{},46025
"3/1/2026, 13:03:03",,,system,doPost_events,doPost,events_count,,,,"{""count"":1}",46025
"3/1/2026, 13:03:04",Ua636ab14081b483636896549d2026398,user,postback,choose_search_mode,router,postback_router,,action=choose_search_mode&mode=single,,"{""action"":""choose_search_mode"",""mode"":""single""}",46025
"3/1/2026, 13:03:04",Ua636ab14081b483636896549d2026398,user,postback,choose_search_mode,search_time,single,,action=choose_search_mode&mode=single,,"{""action"":""choose_search_mode"",""mode"":""single""}",46025
"3/1/2026, 13:03:05",,system,system,perf,handlePostback_,handlePostback_,,,1233,"{""action"":""choose_search_mode""}",46025
"3/1/2026, 13:03:05",,system,system,perf,doPost,doPost,,,1877,{},46025
"3/1/2026, 13:03:08",,,system,doPost_events,doPost,events_count,,,,"{""count"":1}",46025
"3/1/2026, 13:03:08",Ua636ab14081b483636896549d2026398,user,postback,selectDate,router,postback_router,,action=selectDate&mode=today,,"{""action"":""selectDate"",""mode"":""today""}",46025
"3/1/2026, 13:03:09",Ua636ab14081b483636896549d2026398,user,postback,booking_select_date,booking,select_date,,action=selectDate&mode=today,,"{""date"":""2026-01-03"",""mode"":""today""}",46025
"3/1/2026, 13:03:11",,system,system,perf,handleSelectDate_,handleSelectDate_,,,2422,"{""success"":true,""date"":""2026-01-03""}",46025
"3/1/2026, 13:03:11",,system,system,perf,handlePostback_,handlePostback_,,,2979,"{""action"":""selectDate""}",46025
"3/1/2026, 13:03:12",,system,system,perf,doPost,doPost,,,3686,{},46025
"3/1/2026, 13:03:16",,,system,doPost_events,doPost,events_count,,,,"{""count"":1}",46025
"3/1/2026, 13:03:17",Ua636ab14081b483636896549d2026398,user,postback,selectTime,router,postback_router,,action=selectTime&time_from=17:00,,"{""action"":""selectTime"",""time_from"":""17:00""}",46025
"3/1/2026, 13:03:17",Ua636ab14081b483636896549d2026398,user,postback,booking_select_time,booking,select_time,,action=selectTime&time_from=17:00,,"{""time_from"":""17:00""}",46025
"3/1/2026, 13:03:20",,system,system,perf,handleSelectTime_,handleSelectTime_,,,2802,"{""success"":true,""time_from"":""17:00""}",46025
"3/1/2026, 13:03:20",,system,system,perf,handlePostback_,handlePostback_,,,3461,"{""action"":""selectTime""}",46025
"3/1/2026, 13:03:20",,system,system,perf,doPost,doPost,,,4617,{},46025
"3/1/2026, 13:03:23",,,system,doPost_events,doPost,events_count,,,,"{""count"":1}",46025
"3/1/2026, 13:03:23",Ua636ab14081b483636896549d2026398,user,postback,selectDuration,router,postback_router,,action=selectDuration&duration_h=1,,"{""action"":""selectDuration"",""duration_h"":""1""}",46025
"3/1/2026, 13:03:23",Ua636ab14081b483636896549d2026398,user,postback,booking_select_duration,booking,select_duration,,action=selectDuration&duration_h=1,,"{""duration_h"":""1""}",46025
"3/1/2026, 13:03:25",,system,system,perf,handleSelectDuration_,handleSelectDuration_,,,2136,"{""success"":true,""duration_h"":""1""}",46025
"3/1/2026, 13:03:26",,system,system,perf,handlePostback_,handlePostback_,,,2975,"{""action"":""selectDuration""}",46025
"3/1/2026, 13:03:26",,system,system,perf,doPost,doPost,,,3724,{},46025
"3/1/2026, 13:03:29",,,system,doPost_events,doPost,events_count,,,,"{""count"":1}",46025
"3/1/2026, 13:03:30",Ua636ab14081b483636896549d2026398,user,postback,selectField,router,postback_router,,action=selectField&field_no=1,,"{""action"":""selectField"",""field_no"":""1""}",46025
"3/1/2026, 13:03:30",Ua636ab14081b483636896549d2026398,user,postback,booking_select_field,booking,select_field,,action=selectField&field_no=1,,"{""field_no"":""1""}",46025
"3/1/2026, 13:03:33",Ua636ab14081b483636896549d2026398,user,system,booking_result_unavailable,booking,unavailable,,,,"{""date"":""2026-01-03"",""field_no"":""1"",""requested"":""17:00 - 18:00"",""alt_count"":0}",46025
"3/1/2026, 13:03:34",,system,system,perf,handleSelectField_,handleSelectField_,,,3653,"{""success"":true}",46025
"3/1/2026, 13:03:34",,system,system,perf,handlePostback_,handlePostback_,,,4221,"{""action"":""selectField""}",46025
"3/1/2026, 13:03:34",,system,system,perf,doPost,doPost,,,4930,{},46025
"4/1/2026, 7:40:35",,,system,doPost_events,doPost,events_count,,,,"{""count"":1}",46026
"4/1/2026, 7:40:35",Ubf73dc3ced646542aba754fb6672c3af,user,message,ignored_event,doPost,ignored,,,,,46026
"4/1/2026, 7:40:36",,system,system,perf,doPost,doPost,,,2028,{},46026
"6/1/2026, 13:03:18",,,system,doPost_events,doPost,events_count,,,,"{""count"":1}",46028
"6/1/2026, 13:03:19",U16f7224761d3a6788a8d4e3a987a26f6,user,message,message_ignored,general,ignored_text,วันนี้ไม่เตะนะคับ,,,,46028
"6/1/2026, 13:03:20",,system,system,perf,handleMessage_,handleMessage_,,,1607,"{""text"":""วันนี้ไม่เตะนะคับ"",""ignored"":true}",46028
"6/1/2026, 13:03:21",,system,system,perf,doPost,doPost,,,3696,{},46028
"6/1/2026, 13:03:24",,,system,doPost_events,doPost,events_count,,,,"{""count"":1}",46028
"6/1/2026, 13:03:24",U16f7224761d3a6788a8d4e3a987a26f6,user,message,message_ignored,general,ignored_text,เริ่มเตะพรุ่งนี้นะคับ,,,,46028
"6/1/2026, 13:03:25",,system,system,perf,handleMessage_,handleMessage_,,,543,"{""text"":""เริ่มเตะพรุ่งนี้นะคับ"",""ignored"":true}",46028
"6/1/2026, 13:03:25",,system,system,perf,doPost,doPost,,,1723,{},46028
"6/1/2026, 13:04:04",,,system,doPost_events,doPost,events_count,,,,"{""count"":1}",46028
"6/1/2026, 13:04:04",U16f7224761d3a6788a8d4e3a987a26f6,user,message,message_ignored,general,ignored_text,แล้วก็เหมือนเดิมคับ อังคารกับพุธ เวลา18.00-19.00 คับ,,,,46028
"6/1/2026, 13:04:04",,system,system,perf,handleMessage_,handleMessage_,,,395,"{""text"":""แล้วก็เหมือนเดิมคับ อังคารกับพุธ เวลา18.00-19.00 คับ"",""ignored"":true}",46028
"6/1/2026, 13:04:05",,system,system,perf,doPost,doPost,,,1243,{},46028
"6/1/2026, 13:06:01",,,system,doPost_events,doPost,events_count,,,,"{""count"":1}",46028
"6/1/2026, 13:06:01",U16f7224761d3a6788a8d4e3a987a26f6,user,message,message_ignored,general,ignored_text,ของทุกอาทิตคับ,,,,46028
"6/1/2026, 13:06:02",,system,system,perf,handleMessage_,handleMessage_,,,343,"{""text"":""ของทุกอาทิตคับ"",""ignored"":true}",46028
"6/1/2026, 13:06:02",,system,system,perf,doPost,doPost,,,1926,{},46028
"6/1/2026, 14:51:46",,,system,doPost_events,doPost,events_count,,,,"{""count"":1}",46028
"6/1/2026, 14:51:47",Ufa0c1c6146fa747b4182cf3ca037c939,user,message,message_ignored,general,ignored_text,สนามเปิดเป่า,,,,46028
"6/1/2026, 14:51:48",,system,system,perf,handleMessage_,handleMessage_,,,855,"{""text"":""สนามเปิดเป่า"",""ignored"":true}",46028
"6/1/2026, 14:51:48",,system,system,perf,doPost,doPost,,,2348,{},46028
"6/1/2026, 14:52:49",,,system,doPost_events,doPost,events_count,,,,"{""count"":1}",46028
"6/1/2026, 14:52:49",Ufa0c1c6146fa747b4182cf3ca037c939,user,message,message_ignored,general,ignored_text,โทรหาแอดมิน 083-914-4000,,,,46028
"6/1/2026, 14:52:49",,system,system,perf,handleMessage_,handleMessage_,,,342,"{""text"":""โทรหาแอดมิน 083-914-4000"",""ignored"":true}",46028
"6/1/2026, 14:52:50",,system,system,perf,doPost,doPost,,,1050,{},46028
"7/1/2026, 10:07:26",,,system,doPost_events,doPost,events_count,,,,"{""count"":1}",46029
"7/1/2026, 10:07:27",U16f7224761d3a6788a8d4e3a987a26f6,user,message,message_ignored,general,ignored_text,ไปคับ,,,,46029
"7/1/2026, 10:07:28",,system,system,perf,handleMessage_,handleMessage_,,,1031,"{""text"":""ไปคับ"",""ignored"":true}",46029
"7/1/2026, 10:07:28",,system,system,perf,doPost,doPost,,,2733,{},46029
"7/1/2026, 10:07:42",,,system,doPost_events,doPost,events_count,,,,"{""count"":1}",46029
"7/1/2026, 10:07:42",U16f7224761d3a6788a8d4e3a987a26f6,user,message,message_ignored,general,ignored_text,โทรหาแอดมิน 083-914-4000,,,,46029
"7/1/2026, 10:07:43",,system,system,perf,handleMessage_,handleMessage_,,,426,"{""text"":""โทรหาแอดมิน 083-914-4000"",""ignored"":true}",46029
"7/1/2026, 10:07:43",,system,system,perf,doPost,doPost,,,1388,{},46029
"7/1/2026, 17:06:57",,,system,doPost_events,doPost,events_count,,,,"{""count"":1}",46029
"7/1/2026, 17:06:58",U861f374e7ea88c4ed1b803b6ba635c94,user,message,search_time_menu_message,search_time,open_choice,ค้นหาเวลา,,,,46029
"7/1/2026, 17:06:59",,system,system,perf,handleMessage_,handleMessage_,,,1548,"{""text"":""ค้นหาเวลา""}",46029
"7/1/2026, 17:07:00",,system,system,perf,doPost,doPost,,,2618,{},46029
"8/1/2026, 19:58:38",,,system,doPost_events,doPost,events_count,,,,"{""count"":1}",46030
"8/1/2026, 19:58:39",Ufd6e063b5ab10990303444b7d29c4fb6,user,message,search_time_menu_message,search_time,open_choice,ค้นหาเวลา,,,,46030
"8/1/2026, 19:58:40",,system,system,perf,handleMessage_,handleMessage_,,,1567,"{""text"":""ค้นหาเวลา""}",46030
"8/1/2026, 19:58:41",,system,system,perf,doPost,doPost,,,3126,{},46030
"8/1/2026, 19:58:49",,,system,doPost_events,doPost,events_count,,,,"{""count"":1}",46030
"8/1/2026, 19:58:50",Ufd6e063b5ab10990303444b7d29c4fb6,user,message,message_ignored,general,ignored_text,สวัสดีครับ,,,,46030
"8/1/2026, 19:58:50",,system,system,perf,handleMessage_,handleMessage_,,,389,"{""text"":""สวัสดีครับ"",""ignored"":true}",46030
"8/1/2026, 19:58:50",,system,system,perf,doPost,doPost,,,1112,{},46030
"8/1/2026, 19:59:14",,,system,doPost_events,doPost,events_count,,,,"{""count"":1}",46030
"8/1/2026, 19:59:15",Ufd6e063b5ab10990303444b7d29c4fb6,user,message,message_ignored,general,ignored_text,จะจ่ายเงินค่าสนาม ที่จองไว้ของ การไฟฟ้าเขต สนามที่ 6 เวลา 18.00-19.00 ครับ,,,,46030
"8/1/2026, 19:59:15",,system,system,perf,handleMessage_,handleMessage_,,,364,"{""text"":""จะจ่ายเงินค่าสนาม ที่จองไว้ของ การไฟฟ้าเขต สนามที่ 6 เวลา 18.00-19.00 ครับ"",""ignored"":true}",46030
"8/1/2026, 19:59:15",,system,system,perf,doPost,doPost,,,1116,{},46030
"8/1/2026, 20:00:12",,,system,doPost_events,doPost,events_count,,,,"{""count"":1}",46030
"8/1/2026, 20:00:12",Ufd6e063b5ab10990303444b7d29c4fb6,user,message,ignored_event,doPost,ignored,,,,,46030
"8/1/2026, 20:00:13",,system,system,perf,doPost,doPost,,,931,{},46030
"8/1/2026, 20:00:41",,,system,doPost_events,doPost,events_count,,,,"{""count"":1}",46030
"8/1/2026, 20:00:41",Ufd6e063b5ab10990303444b7d29c4fb6,user,message,message_ignored,general,ignored_text,ถูกต้องไหมครับ,,,,46030
"8/1/2026, 20:00:41",,system,system,perf,handleMessage_,handleMessage_,,,400,"{""text"":""ถูกต้องไหมครับ"",""ignored"":true}",46030
"8/1/2026, 20:00:42",,system,system,perf,doPost,doPost,,,1506,{},46030
"9/1/2026, 12:34:51",,,system,doPost_events,doPost,events_count,,,,"{""count"":1}",46031
"9/1/2026, 12:34:51",U6bda8aa494d725605f6bf01dfc7b09cd,user,message,message_ignored,general,ignored_text,ปกติ คืออะไร,,,,46031
"9/1/2026, 12:34:53",,system,system,perf,handleMessage_,handleMessage_,,,1300,"{""text"":""ปกติ คืออะไร"",""ignored"":true}",46031
"9/1/2026, 12:34:53",,system,system,perf,doPost,doPost,,,2951,{},46031
"9/1/2026, 12:38:09",,,system,doPost_events,doPost,events_count,,,,"{""count"":1}",46031
"9/1/2026, 12:38:10",Ufa0c1c6146fa747b4182cf3ca037c939,user,message,message_ignored,general,ignored_text,วันนี้ยกเลิกก่อนคับ,,,,46031
"9/1/2026, 12:38:10",,system,system,perf,handleMessage_,handleMessage_,,,382,"{""text"":""วันนี้ยกเลิกก่อนคับ"",""ignored"":true}",46031
"9/1/2026, 12:38:11",,system,system,perf,doPost,doPost,,,1150,{},46031
"9/1/2026, 14:29:31",,,system,doPost_events,doPost,events_count,,,,"{""count"":1}",46031
"9/1/2026, 14:29:31",U6bda8aa494d725605f6bf01dfc7b09cd,user,message,message_ignored,general,ignored_text,ปกติ,,,,46031
"9/1/2026, 14:29:32",,system,system,perf,handleMessage_,handleMessage_,,,820,"{""text"":""ปกติ"",""ignored"":true}",46031
"9/1/2026, 14:29:32",,system,system,perf,doPost,doPost,,,1988,{},46031
"10/1/2026, 15:13:09",,,system,doPost_events,doPost,events_count,,,,"{""count"":1}",46032
"10/1/2026, 15:13:09",U6bda8aa494d725605f6bf01dfc7b09cd,user,message,message_ignored,general,ignored_text,ทีม ไม่ย้ายนะคับ ,,,,46032
"10/1/2026, 15:13:10",,system,system,perf,handleMessage_,handleMessage_,,,1022,"{""text"":""ทีม ไม่ย้ายนะคับ"",""ignored"":true}",46032
"10/1/2026, 15:13:11",,system,system,perf,doPost,doPost,,,2431,{},46032
"10/1/2026, 23:02:36",,,system,doPost_events,doPost,events_count,,,,"{""count"":1}",46032
"10/1/2026, 23:02:36",Ub2792da9d47050a2d6ada443a66e2282,user,message,ignored_event,doPost,ignored,,,,,46032
"10/1/2026, 23:02:37",,system,system,perf,doPost,doPost,,,1749,{},46032
"10/1/2026, 23:54:04",,,system,doPost_events,doPost,events_count,,,,"{""count"":1}",46032
"10/1/2026, 23:54:04",Ua3db3dca79a749fe978b0c6ab7d66bde,user,message,ignored_event,doPost,ignored,,,,,46032
"10/1/2026, 23:54:05",,system,system,perf,doPost,doPost,,,1446,{},46032
"11/1/2026, 20:32:49",,,system,doPost_events,doPost,events_count,,,,"{""count"":1}",46033
"11/1/2026, 20:32:49",Ua3db3dca79a749fe978b0c6ab7d66bde,user,message,ignored_event,doPost,ignored,,,,,46033
"11/1/2026, 20:32:50",,system,system,perf,doPost,doPost,,,1825,{},46033
"12/1/2026, 13:02:53",,,system,doPost_events,doPost,events_count,,,,"{""count"":1}",46034
"12/1/2026, 13:02:54",Ufd6e063b5ab10990303444b7d29c4fb6,user,message,search_time_menu_message,search_time,open_choice,ค้นหาเวลา,,,,46034
"12/1/2026, 13:02:55",,system,system,perf,handleMessage_,handleMessage_,,,1374,"{""text"":""ค้นหาเวลา""}",46034
"12/1/2026, 13:02:55",,system,system,perf,doPost,doPost,,,3130,{},46034
"12/1/2026, 13:03:37",,,system,doPost_events,doPost,events_count,,,,"{""count"":1}",46034
"12/1/2026, 13:03:38",Ufd6e063b5ab10990303444b7d29c4fb6,user,message,message_ignored,general,ignored_text,วันอังคารที่ 13;จองสนาม 5 เวลา 18.00-19.30 หน่อยครับ,,,,46034
"12/1/2026, 13:03:38",,system,system,perf,handleMessage_,handleMessage_,,,942,"{""text"":""วันอังคารที่ 13;จองสนาม 5 เวลา 18.00-19.30 หน่อยครับ"",""ignored"":true}",46034
"12/1/2026, 13:03:39",,system,system,perf,doPost,doPost,,,1875,{},46034
"12/1/2026, 13:20:28",,,system,doPost_events,doPost,events_count,,,,"{""count"":1}",46034
"12/1/2026, 13:20:28",Ufd6e063b5ab10990303444b7d29c4fb6,user,message,message_ignored,general,ignored_text,โทรหาแอดมิน 083-914-4000,,,,46034
"12/1/2026, 13:20:29",,system,system,perf,handleMessage_,handleMessage_,,,880,"{""text"":""โทรหาแอดมิน 083-914-4000"",""ignored"":true}",46034
"12/1/2026, 13:20:30",,system,system,perf,doPost,doPost,,,2335,{},46034
"12/1/2026, 13:22:38",,,system,doPost_events,doPost,events_count,,,,"{""count"":1}",46034
"12/1/2026, 13:22:39",Ufd6e063b5ab10990303444b7d29c4fb6,user,message,message_ignored,general,ignored_text,โทรหาแอดมิน 083-914-4000,,,,46034
"12/1/2026, 13:22:39",,system,system,perf,handleMessage_,handleMessage_,,,358,"{""text"":""โทรหาแอดมิน 083-914-4000"",""ignored"":true}",46034
"12/1/2026, 13:22:39",,system,system,perf,doPost,doPost,,,1351,{},46034
"13/1/2026, 7:58:46",,,system,doPost_events,doPost,events_count,,,,"{""count"":1}",46035
"13/1/2026, 7:58:47",U41ca696330f2e6917fc240e8b6c6686d,user,message,search_time_menu_message,search_time,open_choice,ค้นหาเวลา,,,,46035
"13/1/2026, 7:58:49",,system,system,perf,handleMessage_,handleMessage_,,,1593,"{""text"":""ค้นหาเวลา""}",46035
"13/1/2026, 7:58:49",,system,system,perf,doPost,doPost,,,3506,{},46035
"13/1/2026, 7:59:01",,,system,doPost_events,doPost,events_count,,,,"{""count"":1}",46035
"13/1/2026, 7:59:01",U41ca696330f2e6917fc240e8b6c6686d,user,postback,choose_search_mode,router,postback_router,,action=choose_search_mode&mode=all,,"{""action"":""choose_search_mode"",""mode"":""all""}",46035
"13/1/2026, 7:59:02",U41ca696330f2e6917fc240e8b6c6686d,user,postback,choose_search_mode,search_time,all,,action=choose_search_mode&mode=all,,"{""action"":""choose_search_mode"",""mode"":""all""}",46035
"13/1/2026, 7:59:03",,system,system,perf,handlePostback_,handlePostback_,,,1467,"{""action"":""choose_search_mode""}",46035
"13/1/2026, 7:59:04",,system,system,perf,doPost,doPost,,,2480,{},46035
"13/1/2026, 7:59:04",,,system,doPost_events,doPost,events_count,,,,"{""count"":1}",46035
"13/1/2026, 7:59:04",U41ca696330f2e6917fc240e8b6c6686d,user,postback,choose_search_mode,router,postback_router,,action=choose_search_mode&mode=all,,"{""action"":""choose_search_mode"",""mode"":""all""}",46035
"13/1/2026, 7:59:06",U41ca696330f2e6917fc240e8b6c6686d,user,postback,choose_search_mode,search_time,all,,action=choose_search_mode&mode=all,,"{""action"":""choose_search_mode"",""mode"":""all""}",46035
"13/1/2026, 7:59:07",,system,system,perf,handlePostback_,handlePostback_,,,2059,"{""action"":""choose_search_mode""}",46035
"13/1/2026, 7:59:07",,system,system,perf,doPost,doPost,,,3411,{},46035
"13/1/2026, 7:59:19",,,system,doPost_events,doPost,events_count,,,,"{""count"":1}",46035
"13/1/2026, 7:59:20",U41ca696330f2e6917fc240e8b6c6686d,user,postback,set_date_search_every_slot,router,postback_router,,action=set_date_search_every_slot,,"{""action"":""set_date_search_every_slot""}",46035
"13/1/2026, 7:59:21",,system,system,perf,handlePostback_,handlePostback_,,,1352,"{""action"":""set_date_search_every_slot""}",46035
"13/1/2026, 7:59:22",,system,system,perf,doPost,doPost,,,2569,{},46035
"13/1/2026, 7:59:28",,,system,doPost_events,doPost,events_count,,,,"{""count"":1}",46035
"13/1/2026, 7:59:29",U41ca696330f2e6917fc240e8b6c6686d,user,postback,pick_duration_search_every_slot,router,postback_router,,action=pick_duration_search_every_slot&date=2026-01-15&duration=120,,"{""action"":""pick_duration_search_every_slot"",""date"":""2026-01-15"",""duration"":""120""}",46035
"13/1/2026, 7:59:35",,system,system,perf,handlePostback_,handlePostback_,,,6481,"{""action"":""pick_duration_search_every_slot""}",46035
"13/1/2026, 7:59:36",,system,system,perf,doPost,doPost,,,7662,{},46035
"13/1/2026, 9:28:30",,,system,doPost_events,doPost,events_count,,,,"{""count"":1}",46035
"13/1/2026, 9:28:30",Ua636ab14081b483636896549d2026398,user,message,search_time_menu_message,search_time,open_choice,ค้นหาเวลา,,,,46035
"13/1/2026, 9:28:32",,system,system,perf,handleMessage_,handleMessage_,,,1235,"{""text"":""ค้นหาเวลา""}",46035
"13/1/2026, 9:28:32",,system,system,perf,doPost,doPost,,,2612,{},46035
"13/1/2026, 9:28:36",,,system,doPost_events,doPost,events_count,,,,"{""count"":1}",46035
"13/1/2026, 9:28:36",Ua636ab14081b483636896549d2026398,user,postback,choose_search_mode,router,postback_router,,action=choose_search_mode&mode=all,,"{""action"":""choose_search_mode"",""mode"":""all""}",46035
"13/1/2026, 9:28:36",Ua636ab14081b483636896549d2026398,user,postback,choose_search_mode,search_time,all,,action=choose_search_mode&mode=all,,"{""action"":""choose_search_mode"",""mode"":""all""}",46035
"13/1/2026, 9:28:38",,system,system,perf,handlePostback_,handlePostback_,,,1458,"{""action"":""choose_search_mode""}",46035
"13/1/2026, 9:28:38",,system,system,perf,doPost,doPost,,,2452,{},46035
"13/1/2026, 9:28:52",,,system,doPost_events,doPost,events_count,,,,"{""count"":1}",46035
"13/1/2026, 9:28:53",Ua636ab14081b483636896549d2026398,user,postback,set_date_search_every_slot,router,postback_router,,action=set_date_search_every_slot,,"{""action"":""set_date_search_every_slot""}",46035
"13/1/2026, 9:28:53",,system,system,perf,handlePostback_,handlePostback_,,,905,"{""action"":""set_date_search_every_slot""}",46035
"13/1/2026, 9:28:54",,system,system,perf,doPost,doPost,,,4835,{},46035
"13/1/2026, 9:29:03",,,system,doPost_events,doPost,events_count,,,,"{""count"":1}",46035
"13/1/2026, 9:29:04",Ua636ab14081b483636896549d2026398,user,postback,pick_duration_search_every_slot,router,postback_router,,action=pick_duration_search_every_slot&date=2026-01-03&duration=60,,"{""action"":""pick_duration_search_every_slot"",""date"":""2026-01-03"",""duration"":""60""}",46035
"13/1/2026, 9:29:54",,system,system,perf,handlePostback_,handlePostback_,,,49902,"{""action"":""pick_duration_search_every_slot""}",46035
"13/1/2026, 9:29:54",,system,system,perf,doPost,doPost,,,51594,{},46035
"13/1/2026, 9:30:19",,,system,doPost_events,doPost,events_count,,,,"{""count"":1}",46035
"13/1/2026, 9:30:20",Ua636ab14081b483636896549d2026398,user,postback,restart_search_every_slot,router,postback_router,,action=restart_search_every_slot,,"{""action"":""restart_search_every_slot""}",46035
"13/1/2026, 9:30:21",,system,system,perf,handlePostback_,handlePostback_,,,1008,"{""action"":""restart_search_every_slot""}",46035
"13/1/2026, 9:30:21",,system,system,perf,doPost,doPost,,,1882,{},46035
"13/1/2026, 9:30:25",,,system,doPost_events,doPost,events_count,,,,"{""count"":1}",46035
"13/1/2026, 9:30:25",Ua636ab14081b483636896549d2026398,user,postback,pick_date_search_every_slot,router,postback_router,,action=pick_date_search_every_slot&date_mode=today,,"{""action"":""pick_date_search_every_slot"",""date_mode"":""today""}",46035
"13/1/2026, 9:30:26",,system,system,perf,handlePostback_,handlePostback_,,,520,"{""action"":""pick_date_search_every_slot""}",46035
"13/1/2026, 9:30:26",,system,system,perf,doPost,doPost,,,1463,{},46035
"13/1/2026, 9:30:34",,,system,doPost_events,doPost,events_count,,,,"{""count"":1}",46035
"13/1/2026, 9:30:34",Ua636ab14081b483636896549d2026398,user,postback,pick_duration_search_every_slot,router,postback_router,,action=pick_duration_search_every_slot&date=2026-01-13&duration=60,,"{""action"":""pick_duration_search_every_slot"",""date"":""2026-01-13"",""duration"":""60""}",46035
"13/1/2026, 9:31:05",,system,system,perf,handlePostback_,handlePostback_,,,30887,"{""action"":""pick_duration_search_every_slot""}",46035
"13/1/2026, 9:31:05",,system,system,perf,doPost,doPost,,,32282,{},46035
"13/1/2026, 9:32:17",,,system,doPost_events,doPost,events_count,,,,"{""count"":1}",46035
"13/1/2026, 9:32:18",Ua636ab14081b483636896549d2026398,user,postback,check_time_search_every_slot,router,postback_router,,action=check_time_search_every_slot&field=6&date=2026-01-13&start=23:00&duration=60,,"{""action"":""check_time_search_every_slot"",""field"":""6"",""date"":""2026-01-13"",""start"":""23:00"",""duration"":""60""}",46035
"13/1/2026, 9:32:20",,system,system,perf,handlePostback_,handlePostback_,,,1819,"{""action"":""check_time_search_every_slot""}",46035
"13/1/2026, 9:32:20",,system,system,perf,doPost,doPost,,,2680,{},46035
"13/1/2026, 9:32:27",,,system,doPost_events,doPost,events_count,,,,"{""count"":1}",46035
"13/1/2026, 9:32:28",Ua636ab14081b483636896549d2026398,user,message,search_time_menu_message,search_time,open_choice,ค้นหาเวลา,,,,46035
"13/1/2026, 9:32:28",,system,system,perf,handleMessage_,handleMessage_,,,573,"{""text"":""ค้นหาเวลา""}",46035
"13/1/2026, 9:32:29",,system,system,perf,doPost,doPost,,,1201,{},46035
"13/1/2026, 9:32:32",,,system,doPost_events,doPost,events_count,,,,"{""count"":1}",46035
"13/1/2026, 9:32:32",Ua636ab14081b483636896549d2026398,user,postback,choose_search_mode,router,postback_router,,action=choose_search_mode&mode=single,,"{""action"":""choose_search_mode"",""mode"":""single""}",46035
"13/1/2026, 9:32:32",Ua636ab14081b483636896549d2026398,user,postback,choose_search_mode,search_time,single,,action=choose_search_mode&mode=single,,"{""action"":""choose_search_mode"",""mode"":""single""}",46035
"13/1/2026, 9:32:33",,system,system,perf,handlePostback_,handlePostback_,,,1269,"{""action"":""choose_search_mode""}",46035
"13/1/2026, 9:32:34",,system,system,perf,doPost,doPost,,,1909,{},46035
"13/1/2026, 9:32:37",,,system,doPost_events,doPost,events_count,,,,"{""count"":1}",46035
"13/1/2026, 9:32:37",Ua636ab14081b483636896549d2026398,user,postback,selectDate,router,postback_router,,action=selectDate&mode=today,,"{""action"":""selectDate"",""mode"":""today""}",46035
"13/1/2026, 9:32:38",Ua636ab14081b483636896549d2026398,user,postback,booking_select_date,booking,select_date,,action=selectDate&mode=today,,"{""date"":""2026-01-13"",""mode"":""today""}",46035
"13/1/2026, 9:32:42",,system,system,perf,handleSelectDate_,handleSelectDate_,,,4293,"{""success"":true,""date"":""2026-01-13""}",46035
"13/1/2026, 9:32:42",,system,system,perf,handlePostback_,handlePostback_,,,4996,"{""action"":""selectDate""}",46035
"13/1/2026, 9:32:43",,system,system,perf,doPost,doPost,,,5728,{},46035
"13/1/2026, 9:32:53",,,system,doPost_events,doPost,events_count,,,,"{""count"":1}",46035
"13/1/2026, 9:32:53",Ua636ab14081b483636896549d2026398,user,postback,selectTime,router,postback_router,,action=selectTime&time_from=18:00,,"{""action"":""selectTime"",""time_from"":""18:00""}",46035
"13/1/2026, 9:32:54",Ua636ab14081b483636896549d2026398,user,postback,booking_select_time,booking,select_time,,action=selectTime&time_from=18:00,,"{""time_from"":""18:00""}",46035
"13/1/2026, 9:32:57",,system,system,perf,handleSelectTime_,handleSelectTime_,,,2814,"{""success"":true,""time_from"":""18:00""}",46035
"13/1/2026, 9:32:57",,system,system,perf,handlePostback_,handlePostback_,,,3687,"{""action"":""selectTime""}",46035
"13/1/2026, 9:32:58",,system,system,perf,doPost,doPost,,,4619,{},46035
"13/1/2026, 9:33:00",,,system,doPost_events,doPost,events_count,,,,"{""count"":1}",46035
"13/1/2026, 9:33:01",Ua636ab14081b483636896549d2026398,user,postback,selectDuration,router,postback_router,,action=selectDuration&duration_h=1,,"{""action"":""selectDuration"",""duration_h"":""1""}",46035
"13/1/2026, 9:33:01",Ua636ab14081b483636896549d2026398,user,postback,booking_select_duration,booking,select_duration,,action=selectDuration&duration_h=1,,"{""duration_h"":""1""}",46035
"13/1/2026, 9:33:03",,system,system,perf,handleSelectDuration_,handleSelectDuration_,,,2428,"{""success"":true,""duration_h"":""1""}",46035
"13/1/2026, 9:33:04",,system,system,perf,handlePostback_,handlePostback_,,,2966,"{""action"":""selectDuration""}",46035
"13/1/2026, 9:33:04",,system,system,perf,doPost,doPost,,,3925,{},46035
"13/1/2026, 9:33:08",,,system,doPost_events,doPost,events_count,,,,"{""count"":1}",46035
"13/1/2026, 9:33:09",Ua636ab14081b483636896549d2026398,user,postback,selectField,router,postback_router,,action=selectField&field_no=4,,"{""action"":""selectField"",""field_no"":""4""}",46035
"13/1/2026, 9:33:09",Ua636ab14081b483636896549d2026398,user,postback,booking_select_field,booking,select_field,,action=selectField&field_no=4,,"{""field_no"":""4""}",46035
"13/1/2026, 9:33:13",Ua636ab14081b483636896549d2026398,user,system,booking_result_unavailable,booking,unavailable,,,,"{""date"":""2026-01-13"",""field_no"":""4"",""requested"":""18:00 - 19:00"",""alt_count"":5}",46035
"13/1/2026, 9:33:14",,system,system,perf,handleSelectField_,handleSelectField_,,,5142,"{""success"":true}",46035
"13/1/2026, 9:33:14",,system,system,perf,handlePostback_,handlePostback_,,,5829,"{""action"":""selectField""}",46035
"13/1/2026, 9:33:15",,system,system,perf,doPost,doPost,,,6647,{},46035
"13/1/2026, 9:33:31",,,system,doPost_events,doPost,events_count,,,,"{""count"":1}",46035
"13/1/2026, 9:33:31",Ua636ab14081b483636896549d2026398,user,message,booking_change_time,booking,change_time,เลือกเวลาใหม่,,,,46035
"13/1/2026, 9:33:33",,system,system,perf,handleMessage_,handleMessage_,,,1775,"{""text"":""เลือกเวลาใหม่""}",46035
"13/1/2026, 9:33:33",,system,system,perf,doPost,doPost,,,2452,{},46035
"13/1/2026, 11:17:38",,,system,doPost_events,doPost,events_count,,,,"{""count"":1}",46035
"13/1/2026, 11:17:39",U16f7224761d3a6788a8d4e3a987a26f6,user,message,message_ignored,general,ignored_text,ไปคับ,,,,46035
"13/1/2026, 11:17:39",,system,system,perf,handleMessage_,handleMessage_,,,784,"{""text"":""ไปคับ"",""ignored"":true}",46035
"13/1/2026, 11:17:40",,system,system,perf,doPost,doPost,,,2458,{},46035
"13/1/2026, 12:39:18",,,system,doPost_events,doPost,events_count,,,,"{""count"":1}",46035
"13/1/2026, 12:39:19",U6bda8aa494d725605f6bf01dfc7b09cd,user,message,ignored_event,doPost,ignored,,,,,46035
"13/1/2026, 12:39:20",,system,system,perf,doPost,doPost,,,1618,{},46035
"13/1/2026, 14:22:17",,,system,doPost_events,doPost,events_count,,,,"{""count"":1}",46035
"13/1/2026, 14:22:18",Ufa0c1c6146fa747b4182cf3ca037c939,user,message,message_ignored,general,ignored_text,โอเคร,,,,46035
"13/1/2026, 14:22:19",,system,system,perf,handleMessage_,handleMessage_,,,989,"{""text"":""โอเคร"",""ignored"":true}",46035
"13/1/2026, 14:22:19",,system,system,perf,doPost,doPost,,,2284,{},46035
"14/1/2026, 7:03:01",,,system,doPost_events,doPost,events_count,,,,"{""count"":1}",46036
"14/1/2026, 7:03:01",Ua636ab14081b483636896549d2026398,user,message,search_time_menu_message,search_time,open_choice,ค้นหาเวลา,,,,46036
"14/1/2026, 7:03:05",,system,system,perf,handleMessage_,handleMessage_,,,1836,"{""text"":""ค้นหาเวลา""}",46036
"14/1/2026, 7:03:05",,system,system,perf,doPost,doPost,,,4249,{},46036
"14/1/2026, 7:03:07",,,system,doPost_events,doPost,events_count,,,,"{""count"":1}",46036
"14/1/2026, 7:03:08",Ua636ab14081b483636896549d2026398,user,postback,choose_search_mode,router,postback_router,,action=choose_search_mode&mode=all,,"{""action"":""choose_search_mode"",""mode"":""all""}",46036
"14/1/2026, 7:03:08",Ua636ab14081b483636896549d2026398,user,postback,choose_search_mode,search_time,all,,action=choose_search_mode&mode=all,,"{""action"":""choose_search_mode"",""mode"":""all""}",46036
"14/1/2026, 7:03:09",,system,system,perf,handlePostback_,handlePostback_,,,1042,"{""action"":""choose_search_mode""}",46036
"14/1/2026, 7:03:09",,system,system,perf,doPost,doPost,,,1876,{},46036
"14/1/2026, 7:03:14",,,system,doPost_events,doPost,events_count,,,,"{""count"":1}",46036
"14/1/2026, 7:03:15",Ua636ab14081b483636896549d2026398,user,postback,pick_date_search_every_slot,router,postback_router,,action=pick_date_search_every_slot&date_mode=today,,"{""action"":""pick_date_search_every_slot"",""date_mode"":""today""}",46036
"14/1/2026, 7:03:15",,system,system,perf,handlePostback_,handlePostback_,,,710,"{""action"":""pick_date_search_every_slot""}",46036
"14/1/2026, 7:03:16",,system,system,perf,doPost,doPost,,,2498,{},46036
"14/1/2026, 7:03:19",,,system,doPost_events,doPost,events_count,,,,"{""count"":1}",46036
"14/1/2026, 7:03:20",Ua636ab14081b483636896549d2026398,user,postback,pick_duration_search_every_slot,router,postback_router,,action=pick_duration_search_every_slot&date=2026-01-14&duration=60,,"{""action"":""pick_duration_search_every_slot"",""date"":""2026-01-14"",""duration"":""60""}",46036
"14/1/2026, 7:03:47",,system,system,perf,handlePostback_,handlePostback_,,,27039,"{""action"":""pick_duration_search_every_slot""}",46036
"14/1/2026, 7:03:47",,system,system,perf,doPost,doPost,,,27827,{},46036
"14/1/2026, 7:04:29",,,system,doPost_events,doPost,events_count,,,,"{""count"":1}",46036
"14/1/2026, 7:04:30",Ua636ab14081b483636896549d2026398,user,postback,restart_search_every_slot,router,postback_router,,action=restart_search_every_slot,,"{""action"":""restart_search_every_slot""}",46036
"14/1/2026, 7:04:30",,system,system,perf,handlePostback_,handlePostback_,,,555,"{""action"":""restart_search_every_slot""}",46036
"14/1/2026, 7:04:31",,system,system,perf,doPost,doPost,,,1318,{},46036
"14/1/2026, 7:04:35",,,system,doPost_events,doPost,events_count,,,,"{""count"":1}",46036
"14/1/2026, 7:04:36",Ua636ab14081b483636896549d2026398,user,postback,check_time_search_every_slot,router,postback_router,,action=check_time_search_every_slot&field=6&date=2026-01-14&start=23:00&duration=60,,"{""action"":""check_time_search_every_slot"",""field"":""6"",""date"":""2026-01-14"",""start"":""23:00"",""duration"":""60""}",46036
"14/1/2026, 7:04:38",,system,system,perf,handlePostback_,handlePostback_,,,2321,"{""action"":""check_time_search_every_slot""}",46036
"14/1/2026, 7:04:39",,system,system,perf,doPost,doPost,,,3210,{},46036
"14/1/2026, 9:10:52",,,system,doPost_events,doPost,events_count,,,,"{""count"":1}",46036
"14/1/2026, 9:10:54",Ua636ab14081b483636896549d2026398,user,message,ignored_event,doPost,ignored,,,,,46036
"14/1/2026, 9:10:55",,,system,doPost_events,doPost,events_count,,,,"{""count"":2}",46036
"14/1/2026, 9:10:55",,system,system,perf,doPost,doPost,,,2911,{},46036
"14/1/2026, 9:10:55",Ua636ab14081b483636896549d2026398,user,message,ignored_event,doPost,ignored,,,,,46036
"14/1/2026, 9:10:56",Ua636ab14081b483636896549d2026398,user,message,ignored_event,doPost,ignored,,,,,46036
"14/1/2026, 9:10:56",,system,system,perf,doPost,doPost,,,2362,{},46036
"14/1/2026, 9:18:37",,,system,doPost_events,doPost,events_count,,,,"{""count"":1}",46036
"14/1/2026, 9:18:37",Ua636ab14081b483636896549d2026398,user,message,ignored_event,doPost,ignored,,,,,46036
"14/1/2026, 9:18:38",,system,system,perf,doPost,doPost,,,2031,{},46036
"14/1/2026, 9:20:22",,,system,doPost_events,doPost,events_count,,,,"{""count"":1}",46036
"14/1/2026, 9:20:23",Ua636ab14081b483636896549d2026398,user,message,message_ignored,general,ignored_text,http://192.168.10.235:5173/inventory/#/receive,,,,46036
"14/1/2026, 9:20:23",,system,system,perf,handleMessage_,handleMessage_,,,282,"{""text"":""http://192.168.10.235:5173/inventory/#/receive"",""ignored"":true}",46036
"14/1/2026, 9:20:23",,system,system,perf,doPost,doPost,,,1023,{},46036
"14/1/2026, 9:21:48",,,system,doPost_events,doPost,events_count,,,,"{""count"":1}",46036
"14/1/2026, 9:21:48",Ua636ab14081b483636896549d2026398,user,message,ignored_event,doPost,ignored,,,,,46036
"14/1/2026, 9:21:48",,system,system,perf,doPost,doPost,,,825,{},46036
"14/1/2026, 9:21:52",,,system,doPost_events,doPost,events_count,,,,"{""count"":1}",46036
"14/1/2026, 9:21:52",Ua636ab14081b483636896549d2026398,user,message,ignored_event,doPost,ignored,,,,,46036
"14/1/2026, 9:21:52",,system,system,perf,doPost,doPost,,,657,{},46036
"14/1/2026, 10:11:29",,,system,doPost_events,doPost,events_count,,,,"{""count"":1}",46036
"14/1/2026, 10:11:29",Ua636ab14081b483636896549d2026398,user,message,message_ignored,general,ignored_text,https://tmango-lab.github.io/inventory/#/receive,,,,46036
"14/1/2026, 10:11:31",,system,system,perf,handleMessage_,handleMessage_,,,1214,"{""text"":""https://tmango-lab.github.io/inventory/#/receive"",""ignored"":true}",46036
"14/1/2026, 10:11:31",,system,system,perf,doPost,doPost,,,2664,{},46036
"14/1/2026, 11:53:37",,,system,doPost_events,doPost,events_count,,,,"{""count"":1}",46036
"14/1/2026, 11:53:37",U16f7224761d3a6788a8d4e3a987a26f6,user,message,message_ignored,general,ignored_text,ไปคับ,,,,46036
"14/1/2026, 11:53:38",,system,system,perf,handleMessage_,handleMessage_,,,931,"{""text"":""ไปคับ"",""ignored"":true}",46036
"14/1/2026, 11:53:39",,system,system,perf,doPost,doPost,,,2313,{},46036
"14/1/2026, 12:52:03",,,system,doPost_events,doPost,events_count,,,,"{""count"":1}",46036
"14/1/2026, 12:52:04",Ua636ab14081b483636896549d2026398,user,message,message_ignored,general,ignored_text,https://yielding-hoverfly-f41.notion.site/Help-Center-29bfa42ca2d380eeb00adc9348b958ff?source=copy_link,,,,46036
"14/1/2026, 12:52:06",,system,system,perf,handleMessage_,handleMessage_,,,1212,"{""text"":""https://yielding-hoverfly-f41.notion.site/Help-Center-29bfa42ca2d380eeb00adc9348b958ff?source=copy_link"",""ignored"":true}",46036
"14/1/2026, 12:52:06",,system,system,perf,doPost,doPost,,,3782,{},46036
"14/1/2026, 18:46:13",,,system,doPost_events,doPost,events_count,,,,"{""count"":1}",46036
"14/1/2026, 18:46:13",U51354d89e171764f3011a9334751ea83,user,follow,ignored_event,doPost,ignored,,,,,46036
"14/1/2026, 18:46:14",,system,system,perf,doPost,doPost,,,2076,{},46036
"14/1/2026, 19:42:39",,,system,doPost_events,doPost,events_count,,,,"{""count"":1}",46036
"14/1/2026, 19:42:39",U41ca696330f2e6917fc240e8b6c6686d,user,postback,restart_search_every_slot,router,postback_router,,action=restart_search_every_slot,,"{""action"":""restart_search_every_slot""}",46036
"14/1/2026, 19:42:40",,,system,doPost_events,doPost,events_count,,,,"{""count"":1}",46036
"14/1/2026, 19:42:40",,system,system,perf,handlePostback_,handlePostback_,,,1319,"{""action"":""restart_search_every_slot""}",46036
"14/1/2026, 19:42:41",U41ca696330f2e6917fc240e8b6c6686d,user,postback,restart_search_every_slot,router,postback_router,,action=restart_search_every_slot,,"{""action"":""restart_search_every_slot""}",46036
"14/1/2026, 19:42:41",,system,system,perf,doPost,doPost,,,3024,{},46036
"14/1/2026, 19:42:41",,system,system,perf,handlePostback_,handlePostback_,,,767,"{""action"":""restart_search_every_slot""}",46036
"14/1/2026, 19:42:42",,system,system,perf,doPost,doPost,,,1960,{},46036
"14/1/2026, 19:42:45",,,system,doPost_events,doPost,events_count,,,,"{""count"":1}",46036
"14/1/2026, 19:42:46",U41ca696330f2e6917fc240e8b6c6686d,user,postback,restart_search_every_slot,router,postback_router,,action=restart_search_every_slot,,"{""action"":""restart_search_every_slot""}",46036
"14/1/2026, 19:42:46",,system,system,perf,handlePostback_,handlePostback_,,,706,"{""action"":""restart_search_every_slot""}",46036
"14/1/2026, 19:42:47",,system,system,perf,doPost,doPost,,,1779,{},46036
"14/1/2026, 19:42:51",,,system,doPost_events,doPost,events_count,,,,"{""count"":1}",46036
"14/1/2026, 19:42:52",U41ca696330f2e6917fc240e8b6c6686d,user,postback,pick_date_search_every_slot,router,postback_router,,action=pick_date_search_every_slot&date_mode=tomorrow,,"{""action"":""pick_date_search_every_slot"",""date_mode"":""tomorrow""}",46036
"14/1/2026, 19:42:52",,system,system,perf,handlePostback_,handlePostback_,,,649,"{""action"":""pick_date_search_every_slot""}",46036
"14/1/2026, 19:42:53",,system,system,perf,doPost,doPost,,,1493,{},46036
"14/1/2026, 19:42:59",,,system,doPost_events,doPost,events_count,,,,"{""count"":1}",46036
"14/1/2026, 19:43:03",U41ca696330f2e6917fc240e8b6c6686d,user,postback,pick_duration_search_every_slot,router,postback_router,,action=pick_duration_search_every_slot&date=2026-01-15&duration=60,,"{""action"":""pick_duration_search_every_slot"",""date"":""2026-01-15"",""duration"":""60""}",46036
"14/1/2026, 19:43:34",,system,system,perf,handlePostback_,handlePostback_,,,30318,"{""action"":""pick_duration_search_every_slot""}",46036
"14/1/2026, 19:43:34",,system,system,perf,doPost,doPost,,,34586,{},46036
"14/1/2026, 19:43:47",,,system,doPost_events,doPost,events_count,,,,"{""count"":1}",46036
"14/1/2026, 19:43:47",U41ca696330f2e6917fc240e8b6c6686d,user,postback,check_time_search_every_slot,router,postback_router,,action=check_time_search_every_slot&field=1&date=2026-01-15&start=19:00&duration=60,,"{""action"":""check_time_search_every_slot"",""field"":""1"",""date"":""2026-01-15"",""start"":""19:00"",""duration"":""60""}",46036
"14/1/2026, 19:43:49",,system,system,perf,handlePostback_,handlePostback_,,,2094,"{""action"":""check_time_search_every_slot""}",46036
"14/1/2026, 19:43:49",,system,system,perf,doPost,doPost,,,2907,{},46036
"14/1/2026, 19:43:53",,,system,doPost_events,doPost,events_count,,,,"{""count"":1}",46036
"14/1/2026, 19:43:53",U41ca696330f2e6917fc240e8b6c6686d,user,postback,check_time_search_every_slot,router,postback_router,,action=check_time_search_every_slot&field=2&date=2026-01-15&start=19:00&duration=60,,"{""action"":""check_time_search_every_slot"",""field"":""2"",""date"":""2026-01-15"",""start"":""19:00"",""duration"":""60""}",46036
"14/1/2026, 19:43:54",,system,system,perf,handlePostback_,handlePostback_,,,1173,"{""action"":""check_time_search_every_slot""}",46036
"14/1/2026, 19:43:55",,system,system,perf,doPost,doPost,,,2631,{},46036
"14/1/2026, 23:00:47",,,system,doPost_events,doPost,events_count,,,,"{""count"":1}",46036
"14/1/2026, 23:00:48",Ua23b91cda241c603798f78778d59676a,user,message,search_time_menu_message,search_time,open_choice,ค้นหาเวลา,,,,46036
"14/1/2026, 23:00:49",,system,system,perf,handleMessage_,handleMessage_,,,1798,"{""text"":""ค้นหาเวลา""}",46036
"14/1/2026, 23:00:50",,system,system,perf,doPost,doPost,,,3558,{},46036
"15/1/2026, 9:03:29",,,system,doPost_events,doPost,events_count,,,,"{""count"":1}",46037
"15/1/2026, 9:03:30",U41ca696330f2e6917fc240e8b6c6686d,user,postback,restart_search_every_slot,router,postback_router,,action=restart_search_every_slot,,"{""action"":""restart_search_every_slot""}",46037
"15/1/2026, 9:03:31",,system,system,perf,handlePostback_,handlePostback_,,,1389,"{""action"":""restart_search_every_slot""}",46037
"15/1/2026, 9:03:31",,system,system,perf,doPost,doPost,,,2733,{},46037
"15/1/2026, 9:03:41",,,system,doPost_events,doPost,events_count,,,,"{""count"":1}",46037
"15/1/2026, 9:03:41",U41ca696330f2e6917fc240e8b6c6686d,user,postback,pick_date_search_every_slot,router,postback_router,,action=pick_date_search_every_slot&date_mode=today,,"{""action"":""pick_date_search_every_slot"",""date_mode"":""today""}",46037
"15/1/2026, 9:03:42",,system,system,perf,handlePostback_,handlePostback_,,,708,"{""action"":""pick_date_search_every_slot""}",46037
"15/1/2026, 9:03:42",,system,system,perf,doPost,doPost,,,1429,{},46037
"15/1/2026, 9:03:54",,,system,doPost_events,doPost,events_count,,,,"{""count"":1}",46037
"15/1/2026, 9:03:55",U41ca696330f2e6917fc240e8b6c6686d,user,postback,pick_duration_search_every_slot,router,postback_router,,action=pick_duration_search_every_slot&date=2026-01-15&duration=60,,"{""action"":""pick_duration_search_every_slot"",""date"":""2026-01-15"",""duration"":""60""}",46037
"15/1/2026, 9:04:35",,system,system,perf,handlePostback_,handlePostback_,,,40859,"{""action"":""pick_duration_search_every_slot""}",46037
"15/1/2026, 9:04:36",,system,system,perf,doPost,doPost,,,41649,{},46037
"15/1/2026, 15:55:24",,,system,doPost_events,doPost,events_count,,,,"{""count"":1}",46037
"15/1/2026, 15:55:24",U41ca696330f2e6917fc240e8b6c6686d,user,postback,restart_search_every_slot,router,postback_router,,action=restart_search_every_slot,,"{""action"":""restart_search_every_slot""}",46037
"15/1/2026, 15:55:26",,system,system,perf,handlePostback_,handlePostback_,,,2005,"{""action"":""restart_search_every_slot""}",46037
"15/1/2026, 15:55:27",,system,system,perf,doPost,doPost,,,4171,{},46037
"15/1/2026, 15:55:33",,,system,doPost_events,doPost,events_count,,,,"{""count"":1}",46037
"15/1/2026, 15:55:33",U41ca696330f2e6917fc240e8b6c6686d,user,postback,pick_date_search_every_slot,router,postback_router,,action=pick_date_search_every_slot&date_mode=today,,"{""action"":""pick_date_search_every_slot"",""date_mode"":""today""}",46037
"15/1/2026, 15:55:34",,system,system,perf,handlePostback_,handlePostback_,,,706,"{""action"":""pick_date_search_every_slot""}",46037
"15/1/2026, 15:55:34",,system,system,perf,doPost,doPost,,,2067,{},46037
"15/1/2026, 15:55:39",,,system,doPost_events,doPost,events_count,,,,"{""count"":1}",46037
"15/1/2026, 15:55:39",U41ca696330f2e6917fc240e8b6c6686d,user,postback,pick_duration_search_every_slot,router,postback_router,,action=pick_duration_search_every_slot&date=2026-01-15&duration=60,,"{""action"":""pick_duration_search_every_slot"",""date"":""2026-01-15"",""duration"":""60""}",46037
"15/1/2026, 15:56:09",,system,system,perf,handlePostback_,handlePostback_,,,29451,"{""action"":""pick_duration_search_every_slot""}",46037
"15/1/2026, 15:56:09",,system,system,perf,doPost,doPost,,,30299,{},46037